연번,레벨,아이디,고을_한자,고을_한자_세부,고을_한글,고을_한글_세부,軍丁 한문_수정,no_data,侍衛軍,營鎭屬軍,鎭屬防牌,守城軍,守護軍,巡綽牌,烟臺軍,烽火軍,營屬軍,營鎭軍,翼屬軍,鎭屬軍,正軍,步軍,營軍,甲士,翼軍,鎭軍,防牌,馬軍,長番水軍,騎船軍,船軍
1,3,wda_400020,京都漢城府,五部,경도한양부,오부,no_data,0,0,0,0,0,0,0,0,0,0,0,0,0,0,0,0,0,0,0,0,0,0,0,0
2,3,wda_400020,京都漢城府,城底十里,경도한양부,성저십리,,0,0,0,0,0,0,0,0,0,0,0,0,0,0,0,0,0,0,0,0,0,0,0,0
3,3,wda_400030,舊都開城留後司,都城,개성유후사,도성,"軍丁, 巡綽牌一千名",0,0,0,0,0,0,1000,0,0,0,0,0,0,0,0,0,0,0,0,0,0,0,0,0
4,3,wda_400030,舊都開城留後司,屬縣 開城,개성유후사,속현개성,"軍丁, 馬軍六十八, 步軍五, 船軍四十",0,0,0,0,0,0,0,0,0,0,0,0,0,0,5,0,0,0,0,0,68,0,0,40
5,3,wda_400040,京畿,,경기,,"軍丁, 侍衛軍一千七百十三名, 船軍三千八百九十二名。",0,1713,0,0,0,0,0,0,0,0,0,0,0,0,0,0,0,0,0,0,0,0,0,3892
6,3,wda_400050,忠淸道,,충청도,,"軍丁, 侍衛軍一千九百七十四, 營鎭軍一千七百六十六, 守護軍二百四十八, 船軍七千八百五十八。",0,1974,0,0,0,248,0,0,0,0,1766,0,0,0,0,0,0,0,0,0,0,0,0,7858
7,3,wda_400060,慶尙道,,경상도,,"軍丁, 侍衛軍二千六百三十單一, 營鎭軍三千八百七十六, 船軍一萬五千九百三十四",0,2631,0,0,0,0,0,0,0,0,3876,0,0,0,0,0,0,0,0,0,0,0,0,15934
8,3,wda_400070,全羅道,,전라도,,"軍丁, 侍衛軍一千一百六十七, 營鎭軍二千四百二十四, 騎船軍一萬一千七百九十三",0,1167,0,0,0,0,0,0,0,0,2424,0,0,0,0,0,0,0,0,0,0,0,11793,0
9,3,wda_400080,黃海道,,황해도,,"軍丁, 侍衛軍二千二百九十四, 營鎭屬軍二千七百三十六, 船軍三千九百九十七。",0,2294,2736,0,0,0,0,0,0,0,0,0,0,0,0,0,0,0,0,0,0,0,0,3997
10,3,wda_400090,江原道,,강원도,,"軍丁, 侍衛軍二千二百七十六, 船軍一千三百八十四, 守城軍十一, 鎭屬防牌二十五。",0,2276,0,25,11,0,0,0,0,0,0,0,0,0,0,0,0,0,0,0,0,0,0,1384
11,3,wda_400100,平安道,,평안도,,"軍丁, 侍衛軍二千八百七十八, 翼軍一萬四千五十三, 船軍三千四百九十, 守城軍七百八十九。",0,2878,0,0,789,0,0,0,0,0,0,0,0,0,0,0,0,14053,0,0,0,0,0,3490
12,3,wda_400110,咸吉道,,함길도,,"軍丁, 翼屬軍四千四百七十二名, 船軍九百六十九名, 守城軍五百十六名。",0,0,0,0,516,0,0,0,0,0,0,4472,0,0,0,0,0,0,0,0,0,0,0,969
13,4,wda_40004001,京畿 / 廣州牧,,경기 / 광주목,,"軍丁, 侍衛軍一百二十二, 船軍二百六十三。",0,122,0,0,0,0,0,0,0,0,0,0,0,0,0,0,0,0,0,0,0,0,0,263
14,4,wda_40004002,京畿 / 楊州都護府,,경기 / 양주도호부,,"軍丁, 侍衛軍一百三十三, 船軍一百三十二。",0,133,0,0,0,0,0,0,0,0,0,0,0,0,0,0,0,0,0,0,0,0,0,132
15,4,wda_40004003,京畿 / 水原都護府,,경기 / 수원도호부,,"軍丁, 侍衛軍一百九十七, 船軍四百五。",0,197,0,0,0,0,0,0,0,0,0,0,0,0,0,0,0,0,0,0,0,0,0,405
16,4,wda_40004004,京畿 / 鐵原都護府,,경기 / 철원도호부,,"軍丁, 侍衛軍六十二。",0,62,0,0,0,0,0,0,0,0,0,0,0,0,0,0,0,0,0,0,0,0,0,0
17,4,wda_40004005,京畿 / 富平都護府,,경기 / 부평도호부,,"軍丁, 侍衛軍二十, 船軍一百二十八。",0,20,0,0,0,0,0,0,0,0,0,0,0,0,0,0,0,0,0,0,0,0,0,128
18,4,wda_40005001,忠淸道 / 忠州牧,,충청도 / 충주목,,"軍丁, 侍衛軍四百四十, 船軍四百六十五。",0,440,0,0,0,0,0,0,0,0,0,0,0,0,0,0,0,0,0,0,0,0,0,465
19,4,wda_40005002,忠淸道 / 淸州牧,,충청도 / 청주목,,"軍丁, 侍衛軍二百三十, 鎭軍一百五十三, 守護軍五十, 船軍四百七十五。",0,230,0,0,0,50,0,0,0,0,0,0,0,0,0,0,0,0,153,0,0,0,0,475
20,4,wda_40005003,忠淸道 / 公州牧,,충청도 / 공주목,,"軍丁, 侍衛軍七十八, 鎭軍二百三, 船軍六百九十九。",0,78,0,0,0,0,0,0,0,0,0,0,0,0,0,0,0,0,203,0,0,0,0,699
21,4,wda_40005004,忠淸道 / 洪州牧,,충청도 / 홍주목,,"軍丁, 侍衛軍五十七, 鎭軍一百七十八, 船軍四百。",0,57,0,0,0,0,0,0,0,0,0,0,0,0,0,0,0,0,178,0,0,0,0,400
22,4,wda_40006001,慶尙道 / 慶州府,本府,경상도 / 경주부,본부,"軍丁, 侍衛軍六十六, 鎭軍二百九, 船軍九百四十單一。",0,66,0,0,0,0,0,0,0,0,0,0,0,0,0,0,0,0,209,0,0,0,0,941
23,4,wda_40006001,慶尙道 / 慶州府,安康,경상도 / 경주부,안강,,0,0,0,0,0,0,0,0,0,0,0,0,0,0,0,0,0,0,0,0,0,0,0,0
24,4,wda_40006001,慶尙道 / 慶州府,杞溪,경상도 / 경주부,기계,,0,0,0,0,0,0,0,0,0,0,0,0,0,0,0,0,0,0,0,0,0,0,0,0
25,4,wda_40006001,慶尙道 / 慶州府,神光,경상도 / 경주부,신광,,0,0,0,0,0,0,0,0,0,0,0,0,0,0,0,0,0,0,0,0,0,0,0,0
26,4,wda_40006001,慶尙道 / 慶州府,慈仁,경상도 / 경주부,자인,,0,0,0,0,0,0,0,0,0,0,0,0,0,0,0,0,0,0,0,0,0,0,0,0
27,4,wda_40006002,慶尙道 / 安東大都護府,本府,경상도 / 안동대도호부,본부,"軍丁, 侍衛軍一百十三, 鎭軍二百四十一, 船軍五百六。",0,113,0,0,0,0,0,0,0,0,0,0,0,0,0,0,0,0,241,0,0,0,0,506
28,4,wda_40006002,慶尙道 / 安東大都護府,臨河,경상도 / 안동대도호부,임하,,0,0,0,0,0,0,0,0,0,0,0,0,0,0,0,0,0,0,0,0,0,0,0,0
29,4,wda_40006002,慶尙道 / 安東大都護府,豐山,경상도 / 안동대도호부,풍산,,0,0,0,0,0,0,0,0,0,0,0,0,0,0,0,0,0,0,0,0,0,0,0,0
30,4,wda_40006002,慶尙道 / 安東大都護府,一直,경상도 / 안동대도호부,일직,,0,0,0,0,0,0,0,0,0,0,0,0,0,0,0,0,0,0,0,0,0,0,0,0
31,4,wda_40006002,慶尙道 / 安東大都護府,吉安,경상도 / 안동대도호부,길안,,0,0,0,0,0,0,0,0,0,0,0,0,0,0,0,0,0,0,0,0,0,0,0,0
32,4,wda_40006002,慶尙道 / 安東大都護府,甘泉,경상도 / 안동대도호부,감천,,0,0,0,0,0,0,0,0,0,0,0,0,0,0,0,0,0,0,0,0,0,0,0,0
33,4,wda_40006002,慶尙道 / 安東大都護府,柰城,경상도 / 안동대도호부,내성,,0,0,0,0,0,0,0,0,0,0,0,0,0,0,0,0,0,0,0,0,0,0,0,0
34,4,wda_40006002,慶尙道 / 安東大都護府,春陽,경상도 / 안동대도호부,춘양,,0,0,0,0,0,0,0,0,0,0,0,0,0,0,0,0,0,0,0,0,0,0,0,0
35,4,wda_40006002,慶尙道 / 安東大都護府,才山,경상도 / 안동대도호부,재산,,0,0,0,0,0,0,0,0,0,0,0,0,0,0,0,0,0,0,0,0,0,0,0,0
36,4,wda_40006003,慶尙道 / 尙州牧,本州,경상도 / 상주목,본주,"軍丁, 侍衛軍一百三十四, 鎭軍三十七, 守城軍九十四, 船軍五百四十。",0,134,0,0,94,0,0,0,0,0,0,0,0,0,0,0,0,0,37,0,0,0,0,540
37,4,wda_40006003,慶尙道 / 尙州牧,靑理,경상도 / 상주목,청리,,0,0,0,0,0,0,0,0,0,0,0,0,0,0,0,0,0,0,0,0,0,0,0,0
38,4,wda_40006003,慶尙道 / 尙州牧,化寧,경상도 / 상주목,화령,,0,0,0,0,0,0,0,0,0,0,0,0,0,0,0,0,0,0,0,0,0,0,0,0
39,4,wda_40006003,慶尙道 / 尙州牧,中牟,경상도 / 상주목,중모,,0,0,0,0,0,0,0,0,0,0,0,0,0,0,0,0,0,0,0,0,0,0,0,0
40,4,wda_40006003,慶尙道 / 尙州牧,丹密,경상도 / 상주목,단밀,,0,0,0,0,0,0,0,0,0,0,0,0,0,0,0,0,0,0,0,0,0,0,0,0
41,4,wda_40006003,慶尙道 / 尙州牧,山陽,경상도 / 상주목,산양,,0,0,0,0,0,0,0,0,0,0,0,0,0,0,0,0,0,0,0,0,0,0,0,0
42,4,wda_40006003,慶尙道 / 尙州牧,功城,경상도 / 상주목,공성,,0,0,0,0,0,0,0,0,0,0,0,0,0,0,0,0,0,0,0,0,0,0,0,0
43,4,wda_40006003,慶尙道 / 尙州牧,永順,경상도 / 상주목,영순,,0,0,0,0,0,0,0,0,0,0,0,0,0,0,0,0,0,0,0,0,0,0,0,0
44,4,wda_40006004,慶尙道 / 晉州牧,本州,경상도 / 진주목,본주,"軍丁, 侍衛軍一百七十四, 營鎭軍一百八十八, 船軍九百七十五。",0,174,0,0,0,0,0,0,0,0,188,0,0,0,0,0,0,0,0,0,0,0,0,975
45,4,wda_40006004,慶尙道 / 晉州牧,班城,경상도 / 진주목,반성,,0,0,0,0,0,0,0,0,0,0,0,0,0,0,0,0,0,0,0,0,0,0,0,0
46,4,wda_40006004,慶尙道 / 晉州牧,永善,경상도 / 진주목,영선,,0,0,0,0,0,0,0,0,0,0,0,0,0,0,0,0,0,0,0,0,0,0,0,0
47,4,wda_40006004,慶尙道 / 晉州牧,岳陽,경상도 / 진주목,악양,,0,0,0,0,0,0,0,0,0,0,0,0,0,0,0,0,0,0,0,0,0,0,0,0
48,4,wda_40007001,全羅道 / 全州府,,전라도 / 전주부,,"軍丁, 侍衛軍七十七, 鎭軍一百四十八, 船軍八百二十六, 守城軍三十。",0,77,0,0,30,0,0,0,0,0,0,0,0,0,0,0,0,0,148,0,0,0,0,826
49,4,wda_40007002,全羅道 / 羅州牧,,전라도 / 나주목,,"軍丁, 侍衛軍五十九, 營鎭軍一百五十五, 船軍六百七十。",0,59,0,0,0,0,0,0,0,0,155,0,0,0,0,0,0,0,0,0,0,0,0,670
50,4,wda_40007003,全羅道 / 南原都護府,,전라도 / 남원도호부,,"軍丁, 侍衛軍一百十七, 鎭軍八十六。",0,117,0,0,0,0,0,0,0,0,0,0,0,0,0,0,0,0,86,0,0,0,0,0
51,4,wda_40007004,全羅道 / 長興都護府,,전라도 / 장흥도호부,,"軍丁, 侍衛軍二十一, 營鎭軍二十二, 船軍一百八十七。",0,21,0,0,0,0,0,0,0,0,22,0,0,0,0,0,0,0,0,0,0,0,0,187
52,4,wda_40007005,全羅道 / 濟州牧,,전라도 / 제주목,,"軍丁, 馬軍八百四十三名, 步軍一千二百二十三名",0,0,0,0,0,0,0,0,0,0,0,0,0,0,1223,0,0,0,0,0,843,0,0,0
53,4,wda_40008001,黃海道 / 黃州牧,,황해도 / 황주목,,"軍丁, 侍衛軍二百七十三, 鎭軍一百單一, 船軍二百六十二。",0,273,0,0,0,0,0,0,0,0,0,0,0,0,0,0,0,0,101,0,0,0,0,262
54,4,wda_40008002,黃海道 / 海州牧,,황해도 / 해주목,,"軍丁, 侍衛軍六十三, 營鎭軍三百九十, 船軍四百五十。",0,63,0,0,0,0,0,0,0,0,390,0,0,0,0,0,0,0,0,0,0,0,0,450
55,4,wda_40008003,黃海道 / 延安都護府,,황해도 / 연안도호부,,"軍丁, 侍衛軍六十五, 營鎭軍一百三十一, 船軍二百四十二。",0,65,0,0,0,0,0,0,0,0,131,0,0,0,0,0,0,0,0,0,0,0,0,242
56,4,wda_40008004,黃海道 / 豐川郡,,황해도 / 풍천군,,"軍丁, 營鎭軍六十七, 船軍四十, 烽火軍七。",0,0,0,0,0,0,0,0,7,0,67,0,0,0,0,0,0,0,0,0,0,0,0,40
57,4,wda_40009001,江原道 / 江陵大都護府,本府,강원도 / 강릉대도호부,본부,"軍丁, 侍衛軍一百六十五, 船軍二百五十。",0,165,0,0,0,0,0,0,0,0,0,0,0,0,0,0,0,0,0,0,0,0,0,250
58,4,wda_40009001,江原道 / 江陵大都護府,連谷,강원도 / 강릉대도호부,연곡,,0,0,0,0,0,0,0,0,0,0,0,0,0,0,0,0,0,0,0,0,0,0,0,0
59,4,wda_40009001,江原道 / 江陵大都護府,羽溪,강원도 / 강릉대도호부,우계,,0,0,0,0,0,0,0,0,0,0,0,0,0,0,0,0,0,0,0,0,0,0,0,0
60,4,wda_40009002,江原道 / 原州牧,本州,강원도 / 원주목,본주,"軍丁, 侍衛軍二百八十四, 船軍八十二。",0,284,0,0,0,0,0,0,0,0,0,0,0,0,0,0,0,0,0,0,0,0,0,82
61,4,wda_40009002,江原道 / 原州牧,酒泉縣,강원도 / 원주목,주천현,,0,0,0,0,0,0,0,0,0,0,0,0,0,0,0,0,0,0,0,0,0,0,0,0
62,4,wda_40009003,江原道 / 淮陽都護府,本府,강원도 / 회양도호부,본부,"軍丁, 侍衛軍, 一百五十八, 船軍十。",0,0,0,0,0,0,0,0,0,0,0,0,0,0,0,0,0,0,0,0,0,0,0,10
63,4,wda_40009003,江原道 / 淮陽都護府,和川縣,강원도 / 회양도호부,화천현,,0,0,0,0,0,0,0,0,0,0,0,0,0,0,0,0,0,0,0,0,0,0,0,0
64,4,wda_40009003,江原道 / 淮陽都護府,水入縣,강원도 / 회양도호부,수입현,,0,0,0,0,0,0,0,0,0,0,0,0,0,0,0,0,0,0,0,0,0,0,0,0
65,4,wda_40009003,江原道 / 淮陽都護府,文登縣,강원도 / 회양도호부,문등현,,0,0,0,0,0,0,0,0,0,0,0,0,0,0,0,0,0,0,0,0,0,0,0,0
66,4,wda_40009003,江原道 / 淮陽都護府,風谷縣,강원도 / 회양도호부,남곡현,,0,0,0,0,0,0,0,0,0,0,0,0,0,0,0,0,0,0,0,0,0,0,0,0
67,4,wda_40009003,江原道 / 淮陽都護府,長楊縣,강원도 / 회양도호부,장양현,,0,0,0,0,0,0,0,0,0,0,0,0,0,0,0,0,0,0,0,0,0,0,0,0
68,4,wda_40009004,江原道 / 三陟都護府,,강원도 / 삼척도호부,,"軍丁, 侍衛軍六十三, 船軍二十一, 鎭軍二十一。",0,63,0,0,0,0,0,0,0,0,0,0,0,0,0,0,0,0,21,0,0,0,0,21
69,4,wda_40009005,江原道 / 春川都護府,本府,강원도 / 춘천도호부,본부,"軍丁, 侍衛軍二百九十八, 船軍一百三十四。",0,298,0,0,0,0,0,0,0,0,0,0,0,0,0,0,0,0,0,0,0,0,0,134
70,4,wda_40009005,江原道 / 春川都護府,基麟,강원도 / 춘천도호부,기린,,0,0,0,0,0,0,0,0,0,0,0,0,0,0,0,0,0,0,0,0,0,0,0,0
71,4,wda_40009006,江原道 / 杆城郡,本郡,강원도 / 간성군,본군,"軍丁, 侍衛軍七十二, 船軍一百四十, 鎭軍十一。",0,72,0,0,0,0,0,0,0,0,0,0,0,0,0,0,0,0,11,0,0,0,0,140
72,4,wda_40009006,江原道 / 杆城郡,烈山,강원도 / 간성군,열산,,0,0,0,0,0,0,0,0,0,0,0,0,0,0,0,0,0,0,0,0,0,0,0,0
73,4,wda_40010001,平安道 / 平壤府,,평안도 / 평양부,,"軍丁, 侍衛軍七百三十六, 翼軍二千九百五十一, 船軍四百三十七, 守城軍一百四十五。",0,736,0,0,145,0,0,0,0,0,0,0,0,0,0,0,0,2951,0,0,0,0,0,437
74,4,wda_40010002,平安道 / 安州牧,,평안도 / 안주목,,"軍丁, 侍衛軍一百五十, 翼軍四百七十七, 船軍一百九十四, 守城軍六十一。",0,150,0,0,61,0,0,0,0,0,0,0,0,0,0,0,0,477,0,0,0,0,0,194
75,4,wda_40010003,平安道 / 義州牧,,평안도 / 의주목,,"軍丁, 翼軍三百三十六, 守城軍二十一。",0,0,0,0,21,0,0,0,0,0,0,0,0,0,0,0,0,336,0,0,0,0,0,0
76,4,wda_40010004,平安道 / 朔州都護府,,평안도 / 삭주도호부,,"軍丁, 翼軍二百單三, 守城軍三十, 船軍二十。",0,0,0,0,30,0,0,0,0,0,0,0,0,0,0,0,0,203,0,0,0,0,0,20
77,4,wda_40010005,平安道 / 江界都護府,,평안도 / 강계도호부,,"軍丁, 翼軍四百三十六, 守城軍三十。",0,0,0,0,30,0,0,0,0,0,0,0,0,0,0,0,0,436,0,0,0,0,0,0
78,4,wda_40011001,咸吉道 / 咸興府,,함길도 / 함흥부,,"軍丁, 翼屬軍六百六十, 船軍一百五十, 守城軍七十六。",0,0,0,0,76,0,0,0,0,0,0,660,0,0,0,0,0,0,0,0,0,0,0,150
79,4,wda_40011002,咸吉道 / 永興大都護府,,함길도 / 영흥대도호부,,"軍丁, 翼屬軍六百四十, 船軍一百二十一, 守城軍六十四。",0,0,0,0,64,0,0,0,0,0,0,640,0,0,0,0,0,0,0,0,0,0,0,121
80,4,wda_40011003,咸吉道 / 安邊都護府,,함길도 / 안변도호부,,"軍丁, 翼屬軍二百五十九, 船軍一百五十, 守城軍四十九。",0,0,0,0,49,0,0,0,0,0,0,259,0,0,0,0,0,0,0,0,0,0,0,150
81,4,wda_40011004,咸吉道 / 吉州牧,,함길도 / 길주목,,"軍丁, 翼屬軍五百七, 守城軍五十。",0,0,0,0,50,0,0,0,0,0,0,507,0,0,0,0,0,0,0,0,0,0,0,0
82,4,wda_40011005,咸吉道 / 慶源都護府,,함길도 / 경원도호부,,"軍丁, 甲士一百三十三, 正軍六百二十九。",0,0,0,0,0,0,0,0,0,0,0,0,0,629,0,0,133,0,0,0,0,0,0,0
83,4,wda_40011006,咸吉道 / 會寧都護府,,함길도 / 회령도호부,,"軍丁, 甲士二十五, 正軍六百九十五。",0,0,0,0,0,0,0,0,0,0,0,0,0,695,0,0,25,0,0,0,0,0,0,0
84,4,wda_40011007,咸吉道 / 鍾城都護府,,함길도 / 종성도호부,,"軍丁, 甲士十二, 正軍七百二十四。",0,0,0,0,0,0,0,0,0,0,0,0,0,724,0,0,12,0,0,0,0,0,0,0
85,4,wda_40011008,咸吉道 / 穩城都護府,,함길도 / 온성도호부,,"軍丁, 甲士二十五, 正軍六百八十六。",0,0,0,0,0,0,0,0,0,0,0,0,0,686,0,0,25,0,0,0,0,0,0,0
86,4,wda_40011009,咸吉道 / 慶興都護府,,함길도 / 경흥도호부,,"軍丁, 船軍九十, 正軍三百十二。",0,0,0,0,0,0,0,0,0,0,0,0,0,312,0,0,0,0,0,0,0,0,0,90
87,4,wda_40011010,咸吉道 / 富寧都護府,,함길도 / 부녕도호부,,"軍丁, 翼屬軍二百六十二, 甲士二百六十二, 正軍百六十二。",0,0,0,0,0,0,0,0,0,0,0,262,0,162,0,0,262,0,0,0,0,0,0,0
88,4,wda_40011011,咸吉道 / 三水郡,,함길도 / 삼수군,,"軍丁, 翼軍四十二, 甲士十九, 守城軍四十六, 烟臺軍六。",0,0,0,0,46,0,0,6,0,0,0,0,0,0,0,0,19,42,0,0,0,0,0,0
89,5,wda_40004001_001,京畿 / 廣州牧 / 驪興都護府,,경기 / 광주목 / 여흥도호부,,"軍丁, 侍衛軍七十五, 船軍一百二十一。",0,75,0,0,0,0,0,0,0,0,0,0,0,0,0,0,0,0,0,0,0,0,0,121
90,5,wda_40004001_002,京畿 / 廣州牧 / 楊根郡,,경기 / 광주목 / 양근군,,"軍丁, 侍衛軍二十五, 船軍七十九。",0,25,0,0,0,0,0,0,0,0,0,0,0,0,0,0,0,0,0,0,0,0,0,79
91,5,wda_40004001_003,京畿 / 廣州牧 / 陰竹縣,,경기 / 광주목 / 음죽현,,"軍丁, 侍衛軍八十一, 船軍五十八。",0,81,0,0,0,0,0,0,0,0,0,0,0,0,0,0,0,0,0,0,0,0,0,58
92,5,wda_40004001_004,京畿 / 廣州牧 / 利川縣,,경기 / 광주목 / 이천현,,"軍丁, 侍衛軍八十, 船軍一百十九。",0,80,0,0,0,0,0,0,0,0,0,0,0,0,0,0,0,0,0,0,0,0,0,119
93,5,wda_40004001_005,京畿 / 廣州牧 / 果川縣,,경기 / 광주목 / 과천현,,"軍丁, 侍衛軍二十一, 船軍七十。",0,21,0,0,0,0,0,0,0,0,0,0,0,0,0,0,0,0,0,0,0,0,0,70
94,5,wda_40004001_006,京畿 / 廣州牧 / 川寧縣,,경기 / 광주목 / 천녕현,,"軍丁, 侍衛軍六十九, 船軍四十二。",0,69,0,0,0,0,0,0,0,0,0,0,0,0,0,0,0,0,0,0,0,0,0,42
95,5,wda_40004001_007,京畿 / 廣州牧 / 砥平縣,,경기 / 광주목 / 지평현,,"軍丁, 侍衛軍十三, 船軍五十八。",0,13,0,0,0,0,0,0,0,0,0,0,0,0,0,0,0,0,0,0,0,0,0,58
96,5,wda_40004001_008,京畿 / 廣州牧 / 衿川縣,,경기 / 광주목 / 금천현,,"軍丁, 侍衛軍五, 船軍七十三。",0,5,0,0,0,0,0,0,0,0,0,0,0,0,0,0,0,0,0,0,0,0,0,73
97,5,wda_40004002_001,京畿 / 楊州都護府 / 原平都護府,,경기 / 양주도호부 / 원평도호부,,"軍丁, 侍衛軍十七, 船軍二十六。",0,17,0,0,0,0,0,0,0,0,0,0,0,0,0,0,0,0,0,0,0,0,0,26
98,5,wda_40004002_002,京畿 / 楊州都護府 / 高陽縣,,경기 / 양주도호부 / 고양현,,"軍丁, 侍衛軍六十五, 船軍二十。",0,65,0,0,0,0,0,0,0,0,0,0,0,0,0,0,0,0,0,0,0,0,0,20
99,5,wda_40004002_003,京畿 / 楊州都護府 / 交河縣,,경기 / 양주도호부 / 교하현,,"軍丁, 侍衛軍六十四, 船軍四十三。",0,64,0,0,0,0,0,0,0,0,0,0,0,0,0,0,0,0,0,0,0,0,0,43
100,5,wda_40004002_004,京畿 / 楊州都護府 / 臨津縣,,경기 / 양주도호부 / 임진현,,"軍丁, 侍衛軍二, 船軍十六。",0,2,0,0,0,0,0,0,0,0,0,0,0,0,0,0,0,0,0,0,0,0,0,16
101,5,wda_40004002_005,京畿 / 楊州都護府 / 積城縣,,경기 / 양주도호부 / 적성현,,"軍丁, 侍衛軍二十一, 船軍十四。",0,21,0,0,0,0,0,0,0,0,0,0,0,0,0,0,0,0,0,0,0,0,0,14
102,5,wda_40004002_006,京畿 / 楊州都護府 / 抱川縣,,경기 / 양주도호부 / 포천현,,"軍丁, 侍衛軍六十, 船軍五十。",0,60,0,0,0,0,0,0,0,0,0,0,0,0,0,0,0,0,0,0,0,0,0,50
103,5,wda_40004002_007,京畿 / 楊州都護府 / 加平縣,,경기 / 양주도호부 / 가평현,,"軍丁, 侍衛軍九十六, 船軍四十三。",0,96,0,0,0,0,0,0,0,0,0,0,0,0,0,0,0,0,0,0,0,0,0,43
104,5,wda_40004003_001,京畿 / 水原都護府 / 南陽都護府,,경기 / 수원도호부 / 남양도호부,,"軍丁, 侍衛軍二, 船軍一百四十五。",0,2,0,0,0,0,0,0,0,0,0,0,0,0,0,0,0,0,0,0,0,0,0,145
105,5,wda_40004003_002,京畿 / 水原都護府 / 安山郡,,경기 / 수원도호부 / 안산군,,"軍丁, 侍衛軍一, 船軍一百十五。",0,1,0,0,0,0,0,0,0,0,0,0,0,0,0,0,0,0,0,0,0,0,0,115
106,5,wda_40004003_003,京畿 / 水原都護府 / 安城郡,,경기 / 수원도호부 / 안성군,,"軍丁, 侍衛軍九十二, 船軍一百二十九。",0,92,0,0,0,0,0,0,0,0,0,0,0,0,0,0,0,0,0,0,0,0,0,129
107,5,wda_40004003_004,京畿 / 水原都護府 / 振威縣,,경기 / 수원도호부 / 진위현,,"軍丁, 侍衛軍十, 船軍五十一。",0,10,0,0,0,0,0,0,0,0,0,0,0,0,0,0,0,0,0,0,0,0,0,51
108,5,wda_40004003_005,京畿 / 水原都護府 / 龍仁縣,,경기 / 수원도호부 / 용인현,,"軍丁, 侍衛軍六十六, 船軍七十六。",0,66,0,0,0,0,0,0,0,0,0,0,0,0,0,0,0,0,0,0,0,0,0,76
109,5,wda_40004003_006,京畿 / 水原都護府 / 陽城縣,,경기 / 수원도호부 / 양성현,,"軍丁, 侍衛軍七十六, 船軍六十八。",0,76,0,0,0,0,0,0,0,0,0,0,0,0,0,0,0,0,0,0,0,0,0,68
110,5,wda_40004003_007,京畿 / 水原都護府 / 陽智縣,,경기 / 수원도호부 / 양지현,,"軍丁, 侍衛軍三十七, 船軍六十八。",0,37,0,0,0,0,0,0,0,0,0,0,0,0,0,0,0,0,0,0,0,0,0,68
111,5,wda_40004004_001,京畿 / 鐵原都護府 / 朔寧郡,,경기 / 철원도호부 / 삭녕군,,"軍丁, 侍衛軍六十一, 船軍三十七。",0,61,0,0,0,0,0,0,0,0,0,0,0,0,0,0,0,0,0,0,0,0,0,37
112,5,wda_40004004_002,京畿 / 鐵原都護府 / 永平縣,,경기 / 철원도호부 / 영평현,,"軍丁, 侍衛軍三十三, 船軍三十七。",0,33,0,0,0,0,0,0,0,0,0,0,0,0,0,0,0,0,0,0,0,0,0,37
113,5,wda_40004004_003,京畿 / 鐵原都護府 / 長湍縣,,경기 / 철원도호부 / 장단현,,"軍丁, 侍衛軍四, 船軍十一。",0,4,0,0,0,0,0,0,0,0,0,0,0,0,0,0,0,0,0,0,0,0,0,11
114,5,wda_40004004_004,京畿 / 鐵原都護府 / 安峽縣,,경기 / 철원도호부 / 안협현,,"軍丁, 侍衛軍八, 船軍十。",0,8,0,0,0,0,0,0,0,0,0,0,0,0,0,0,0,0,0,0,0,0,0,10
115,5,wda_40004004_005,京畿 / 鐵原都護府 / 臨江縣,,경기 / 철원도호부 / 임강현,,"軍丁, 侍衛軍三十三, 船軍三十五。",0,33,0,0,0,0,0,0,0,0,0,0,0,0,0,0,0,0,0,0,0,0,0,35
116,5,wda_40004004_006,京畿 / 鐵原都護府 / 麻田縣,,경기 / 철원도호부 / 마전현,,"軍丁, 侍衛軍十三, 船軍二十六。",0,13,0,0,0,0,0,0,0,0,0,0,0,0,0,0,0,0,0,0,0,0,0,26
117,5,wda_40004004_007,京畿 / 鐵原都護府 / 漣川縣,,경기 / 철원도호부 / 연천현,,"軍丁, 侍衛軍二十三, 船軍二十一。",0,23,0,0,0,0,0,0,0,0,0,0,0,0,0,0,0,0,0,0,0,0,0,21
118,5,wda_40004005_001,京畿 / 富平都護府 / 江華都護府,,경기 / 부평도호부 / 강화도호부,,"軍丁, 侍衛軍二, 船軍一百九十五, 長番水軍二百七十九。",0,2,0,0,0,0,0,0,0,0,0,0,0,0,0,0,0,0,0,0,0,279,0,195
119,5,wda_40004005_002,京畿 / 富平都護府 / 仁川郡,,경기 / 부평도호부 / 인천군,,"軍丁, 侍衛軍一, 船軍一百七十二。",0,1,0,0,0,0,0,0,0,0,0,0,0,0,0,0,0,0,0,0,0,0,0,172
120,5,wda_40004005_003,京畿 / 富平都護府 / 海豐郡,,경기 / 부평도호부 / 해풍군,,"軍丁, 侍衛軍九, 船軍九十四。",0,9,0,0,0,0,0,0,0,0,0,0,0,0,0,0,0,0,0,0,0,0,0,94
121,5,wda_40004005_004,京畿 / 富平都護府 / 金浦縣,,경기 / 부평도호부 / 김포현,,"軍丁, 侍衛軍二, 船軍五十九。",0,2,0,0,0,0,0,0,0,0,0,0,0,0,0,0,0,0,0,0,0,0,0,59
122,5,wda_40004005_005,京畿 / 富平都護府 / 陽川縣,,경기 / 부평도호부 / 양천현,,"軍丁, 船軍三十一。",0,0,0,0,0,0,0,0,0,0,0,0,0,0,0,0,0,0,0,0,0,0,0,31
123,5,wda_40004005_006,京畿 / 富平都護府 / 喬桐縣,,경기 / 부평도호부 / 교동현,,"軍丁, 侍衛軍六, 船軍一百九十五, 長番水軍二百四十九。",0,6,0,0,0,0,0,0,0,0,0,0,0,0,0,0,0,0,0,0,0,249,0,195
124,5,wda_40004005_007,京畿 / 富平都護府 / 通津縣,,경기 / 부평도호부 / 통진현,,"軍丁, 侍衛軍六, 船軍一百單十。",0,6,0,0,0,0,0,0,0,0,0,0,0,0,0,0,0,0,0,0,0,0,0,110
125,5,wda_40005001_001,忠淸道 / 忠州牧 / 丹陽郡,,충청도 / 충주목 / 단양군,,"軍丁, 侍衛軍二十六, 船軍二十六。",0,26,0,0,0,0,0,0,0,0,0,0,0,0,0,0,0,0,0,0,0,0,0,26
126,5,wda_40005001_002,忠淸道 / 忠州牧 / 淸風郡,,충청도 / 충주목 / 청풍군,,"軍丁, 侍衛軍二十六, 船軍二十一。",0,26,0,0,0,0,0,0,0,0,0,0,0,0,0,0,0,0,0,0,0,0,0,21
127,5,wda_40005001_003,忠淸道 / 忠州牧 / 槐山郡,,충청도 / 충주목 / 괴산군,,"軍丁, 侍衛軍六十六, 船軍一百三十七。",0,66,0,0,0,0,0,0,0,0,0,0,0,0,0,0,0,0,0,0,0,0,0,137
128,5,wda_40005001_004,忠淸道 / 忠州牧 / 陰城縣,,충청도 / 충주목 / 음성현,,"軍丁, 侍衛軍三十三, 船軍四十六。",0,33,0,0,0,0,0,0,0,0,0,0,0,0,0,0,0,0,0,0,0,0,0,46
129,5,wda_40005001_005,忠淸道 / 忠州牧 / 延豊縣,,충청도 / 충주목 / 연풍현,,"軍丁, 侍衛軍二十, 船軍十三。",0,20,0,0,0,0,0,0,0,0,0,0,0,0,0,0,0,0,0,0,0,0,0,13
130,5,wda_40005001_006,忠淸道 / 忠州牧 / 堤川縣,,충청도 / 충주목 / 제천현,,"軍丁, 侍衛軍九十三, 船軍七十。",0,93,0,0,0,0,0,0,0,0,0,0,0,0,0,0,0,0,0,0,0,0,0,70
131,5,wda_40005001_007,忠淸道 / 忠州牧 / 永春縣,,충청도 / 충주목 / 영춘현,,"軍丁, 侍衛軍二十七, 船軍十五。",0,27,0,0,0,0,0,0,0,0,0,0,0,0,0,0,0,0,0,0,0,0,0,15
132,5,wda_40005002_001,忠淸道 / 淸州牧 / 天安郡,,충청도 / 청주목 / 천안군,,"軍丁, 侍衛軍十四, 鎭軍六, 船軍二百三。",0,14,0,0,0,0,0,0,0,0,0,0,0,0,0,0,0,0,6,0,0,0,0,203
133,5,wda_40005002_002,忠淸道 / 淸州牧 / 沃川郡,,충청도 / 청주목 / 옥천군,,"軍丁, 侍衛軍八十八, 守護軍十, 船軍八十七。",0,88,0,0,0,10,0,0,0,0,0,0,0,0,0,0,0,0,0,0,0,0,0,87
134,5,wda_40005002_003,忠淸道 / 淸州牧 / 文義縣,,충청도 / 청주목 / 문의현,,"軍丁, 侍衛軍十八, 營屬軍五十, 鎭軍一百二十四, 船軍二十六。",0,18,0,0,0,0,0,0,0,50,0,0,0,0,0,0,0,0,124,0,0,0,0,26
135,5,wda_40005002_004,忠淸道 / 淸州牧 / 木川縣,,충청도 / 청주목 / 목천현,,"軍丁, 侍衛軍八, 鎭軍三, 船軍一百九十一。",0,8,0,0,0,0,0,0,0,0,0,0,0,0,0,0,0,0,3,0,0,0,0,191
136,5,wda_40005002_005,忠淸道 / 淸州牧 / 竹山縣,,충청도 / 청주목 / 죽산현,,"軍丁, 侍衛軍二十八, 船軍一百三十五。",0,28,0,0,0,0,0,0,0,0,0,0,0,0,0,0,0,0,0,0,0,0,0,135
137,5,wda_40005002_006,忠淸道 / 淸州牧 / 靑安縣,,충청도 / 청주목 / 청안현,,"軍丁, 侍衛軍九十, 鎭軍五十, 船軍四十八。",0,90,0,0,0,0,0,0,0,0,0,0,0,0,0,0,0,0,50,0,0,0,0,48
138,5,wda_40005002_007,忠淸道 / 淸州牧 / 全義縣,,충청도 / 청주목 / 전의현,,"軍丁, 侍衛軍二, 船軍九十二。",0,2,0,0,0,0,0,0,0,0,0,0,0,0,0,0,0,0,0,0,0,0,0,92
139,5,wda_40005002_008,忠淸道 / 淸州牧 / 燕岐縣,,충청도 / 청주목 / 연기현,,"軍丁, 侍衛軍八, 鎭軍十, 船軍一百五十六。",0,8,0,0,0,0,0,0,0,0,0,0,0,0,0,0,0,0,10,0,0,0,0,156
140,5,wda_40005002_009,忠淸道 / 淸州牧 / 稷山縣,,충청도 / 청주목 / 직산현,,"軍丁, 侍衛軍四十, 船軍二百五十四。",0,40,0,0,0,0,0,0,0,0,0,0,0,0,0,0,0,0,0,0,0,0,0,254
141,5,wda_40005002_010,忠淸道 / 淸州牧 / 平澤縣,,충청도 / 청주목 / 평택현,,"軍丁, 侍衛軍八, 鎭軍三, 船軍七十八。",0,8,0,0,0,0,0,0,0,0,0,0,0,0,0,0,0,0,3,0,0,0,0,78
142,5,wda_40005002_011,忠淸道 / 淸州牧 / 溫水縣,,충청도 / 청주목 / 온수현,,"軍丁, 侍衛軍二十一, 船軍九十六。",0,21,0,0,0,0,0,0,0,0,0,0,0,0,0,0,0,0,0,0,0,0,0,96
143,5,wda_40005002_012,忠淸道 / 淸州牧 / 新昌縣,,충청도 / 청주목 / 신창현,,"軍丁, 侍衛軍十二, 鎭軍二十八, 船軍六十三。",0,12,0,0,0,0,0,0,0,0,0,0,0,0,0,0,0,0,28,0,0,0,0,63
144,5,wda_40005002_013,忠淸道 / 淸州牧 / 牙山縣,,충청도 / 청주목 / 아산현,,"軍丁, 侍衛軍十七, 鎭軍五十五, 船軍二百五十。",0,17,0,0,0,0,0,0,0,0,0,0,0,0,0,0,0,0,55,0,0,0,0,250
145,5,wda_40005002_014,忠淸道 / 淸州牧 / 永同縣,,충청도 / 청주목 / 영동현,,"軍丁, 侍衛軍四十五, 船軍八十五, 守護軍十三。",0,45,0,0,0,13,0,0,0,0,0,0,0,0,0,0,0,0,0,0,0,0,0,85
146,5,wda_40005002_015,忠淸道 / 淸州牧 / 黃澗縣,,충청도 / 청주목 / 황간현,,"軍丁, 侍衛軍二十九, 守城軍四, 船軍九十一。",0,29,0,0,4,0,0,0,0,0,0,0,0,0,0,0,0,0,0,0,0,0,0,91
147,5,wda_40005002_016,忠淸道 / 淸州牧 / 懷仁縣,,충청도 / 청주목 / 회인현,,"軍丁, 侍衛軍十二, 鎭軍十八, 船軍三十七。",0,12,0,0,0,0,0,0,0,0,0,0,0,0,0,0,0,0,18,0,0,0,0,37
148,5,wda_40005002_017,忠淸道 / 淸州牧 / 報恩縣,,충청도 / 청주목 / 보은현,,"軍丁, 侍衛軍六十四, 守城軍一, 船軍一百三十六。",0,64,0,0,1,0,0,0,0,0,0,0,0,0,0,0,0,0,0,0,0,0,0,136
149,5,wda_40005002_018,忠淸道 / 淸州牧 / 靑山縣,,충청도 / 청주목 / 청산현,,"軍丁, 侍衛軍二十五, 守城軍六, 船軍六十九。",0,25,0,0,6,0,0,0,0,0,0,0,0,0,0,0,0,0,0,0,0,0,0,69
150,5,wda_40005002_019,忠淸道 / 淸州牧 / 鎭川縣,,충청도 / 청주목 / 진천현,,"軍丁, 侍衛軍五十八, 鎭軍十, 船軍二百十三。",0,58,0,0,0,0,0,0,0,0,0,0,0,0,0,0,0,0,10,0,0,0,0,213
151,5,wda_40005003_001,忠淸道 / 公州牧 / 林川郡,,충청도 / 공주목 / 임천군,,"軍丁, 侍衛軍十三, 守護軍二, 船軍二百八十七。",0,13,0,0,0,2,0,0,0,0,0,0,0,0,0,0,0,0,0,0,0,0,0,287
152,5,wda_40005003_002,忠淸道 / 公州牧 / 韓山郡,,충청도 / 공주목 / 한산군,,"軍丁, 侍衛軍六, 守護軍五, 船軍二百六。",0,6,0,0,0,5,0,0,0,0,0,0,0,0,0,0,0,0,0,0,0,0,0,206
153,5,wda_40005003_003,忠淸道 / 公州牧 / 舒川郡,,충청도 / 공주목 / 서천군,,"軍丁, 侍衛軍九, 鎭軍二百二十四。",0,9,0,0,0,0,0,0,0,0,0,0,0,0,0,0,0,0,224,0,0,0,0,0
154,5,wda_40005003_004,忠淸道 / 公州牧 / 藍浦縣,,충청도 / 공주목 / 남포현,,"軍丁, 侍衛軍二, 鎭軍十七, 船軍六十一。",0,2,0,0,0,0,0,0,0,0,0,0,0,0,0,0,0,0,17,0,0,0,0,61
155,5,wda_40005003_005,忠淸道 / 公州牧 / 庇仁縣,,충청도 / 공주목 / 비인현,,"軍丁, 侍衛軍四, 守護軍二十八, 船軍五十七。",0,4,0,0,0,28,0,0,0,0,0,0,0,0,0,0,0,0,0,0,0,0,0,57
156,5,wda_40005003_006,忠淸道 / 公州牧 / 定山縣,,충청도 / 공주목 / 정산현,,"軍丁, 侍衛軍十三, 鎭軍五, 船軍一百二十四。",0,13,0,0,0,0,0,0,0,0,0,0,0,0,0,0,0,0,5,0,0,0,0,124
157,5,wda_40005003_007,忠淸道 / 公州牧 / 鴻山縣,,충청도 / 공주목 / 홍산현,,"軍丁, 侍衛軍十六, 鎭軍十六, 船軍一百七十四。",0,16,0,0,0,0,0,0,0,0,0,0,0,0,0,0,0,0,16,0,0,0,0,174
158,5,wda_40005003_008,忠淸道 / 公州牧 / 恩津縣,,충청도 / 공주목 / 은진현,,"軍丁, 侍衛軍二十二, 守護軍五十二, 船軍二百五十八。",0,22,0,0,0,52,0,0,0,0,0,0,0,0,0,0,0,0,0,0,0,0,0,258
159,5,wda_40005003_009,忠淸道 / 公州牧 / 連山縣,,충청도 / 공주목 / 연산현,,"軍丁, 侍衛軍九, 鎭軍二, 船軍一百六十二。",0,9,0,0,0,0,0,0,0,0,0,0,0,0,0,0,0,0,2,0,0,0,0,162
160,5,wda_40005003_010,忠淸道 / 公州牧 / 懷德縣,,충청도 / 공주목 / 회덕현,,"軍丁, 侍衛軍七, 守護軍四, 船軍一百四十九。",0,7,0,0,0,4,0,0,0,0,0,0,0,0,0,0,0,0,0,0,0,0,0,149
161,5,wda_40005003_011,忠淸道 / 公州牧 / 石城縣,,충청도 / 공주목 / 석성현,,"軍丁, 侍衛軍十一, 守護軍二十三, 船軍一百五十。",0,11,0,0,0,23,0,0,0,0,0,0,0,0,0,0,0,0,0,0,0,0,0,150
162,5,wda_40005003_012,忠淸道 / 公州牧 / 鎭岑縣,,충청도 / 공주목 / 진잠현,,"軍丁, 侍衛軍一, 守城軍二, 船軍九十二。",0,1,0,0,2,0,0,0,0,0,0,0,0,0,0,0,0,0,0,0,0,0,0,92
163,5,wda_40005003_013,忠淸道 / 公州牧 / 扶餘縣,,충청도 / 공주목 / 부여현,,"軍丁, 侍衛軍十七, 守護軍二十九, 船軍二百二十八。",0,17,0,0,0,29,0,0,0,0,0,0,0,0,0,0,0,0,0,0,0,0,0,228
164,5,wda_40005003_014,忠淸道 / 公州牧 / 尼山縣,,충청도 / 공주목 / 이산현,,"軍丁, 侍衛軍二十八, 守護軍十九, 船軍一百九十。",0,28,0,0,0,19,0,0,0,0,0,0,0,0,0,0,0,0,0,0,0,0,0,190
165,5,wda_40005004_001,忠淸道 / 洪州牧 / 泰安郡,,충청도 / 홍주목 / 태안군,,"軍丁, 鎭軍二十二, 船軍十三。",0,0,0,0,0,0,0,0,0,0,0,0,0,0,0,0,0,0,22,0,0,0,0,13
166,5,wda_40005004_002,忠淸道 / 洪州牧 / 瑞山郡,,충청도 / 홍주목 / 서산군,,"軍丁, 侍衛軍十二, 鎭軍五十三, 船軍二百九。",0,12,0,0,0,0,0,0,0,0,0,0,0,0,0,0,0,0,53,0,0,0,0,209
167,5,wda_40005004_003,忠淸道 / 洪州牧 / 沔川郡,,충청도 / 홍주목 / 면천군,,"軍丁, 侍衛軍十一, 鎭軍二十八, 船軍一百九十五。",0,11,0,0,0,0,0,0,0,0,0,0,0,0,0,0,0,0,28,0,0,0,0,195
168,5,wda_40005004_004,忠淸道 / 洪州牧 / 海美縣,,충청도 / 홍주목 / 해미현,,"軍丁, 侍衛軍五, 鎭軍三, 船軍七十九。",0,5,0,0,0,0,0,0,0,0,0,0,0,0,0,0,0,0,3,0,0,0,0,79
169,5,wda_40005004_005,忠淸道 / 洪州牧 / 唐津縣,,충청도 / 홍주목 / 당진현,,"軍丁, 侍衛軍二, 鎭軍八, 船軍一百二十。",0,2,0,0,0,0,0,0,0,0,0,0,0,0,0,0,0,0,8,0,0,0,0,120
170,5,wda_40005004_006,忠淸道 / 洪州牧 / 德山縣,,충청도 / 홍주목 / 덕산현,,"軍丁, 侍衛軍二十, 鎭軍二百三十, 船軍八十七。",0,20,0,0,0,0,0,0,0,0,0,0,0,0,0,0,0,0,230,0,0,0,0,87
171,5,wda_40005004_007,忠淸道 / 洪州牧 / 禮山縣,,충청도 / 홍주목 / 예산현,,"軍丁, 侍衛軍十八, 鎭軍二十七, 船軍一百五十六。",0,18,0,0,0,0,0,0,0,0,0,0,0,0,0,0,0,0,27,0,0,0,0,156
172,5,wda_40005004_008,忠淸道 / 洪州牧 / 靑陽縣,,충청도 / 홍주목 / 청양현,,"軍丁, 侍衛軍十三, 鎭軍三十七。",0,13,0,0,0,0,0,0,0,0,0,0,0,0,0,0,0,0,37,0,0,0,0,0
173,5,wda_40005004_009,忠淸道 / 洪州牧 / 保寧縣,,충청도 / 홍주목 / 보령현,,"軍丁, 侍衛軍十二, 鎭軍一百。",0,12,0,0,0,0,0,0,0,0,0,0,0,0,0,0,0,0,100,0,0,0,0,0
174,5,wda_40005004_010,忠淸道 / 洪州牧 / 結城縣,,충청도 / 홍주목 / 결성현,,"軍丁, 侍衛軍七, 鎭軍十四, 船軍八十四。",0,7,0,0,0,0,0,0,0,0,0,0,0,0,0,0,0,0,14,0,0,0,0,84
175,5,wda_40005004_011,忠淸道 / 洪州牧 / 大興縣,,충청도 / 홍주목 / 대흥현,,"軍丁, 侍衛軍十一, 鎭軍八十九, 船軍一百。",0,11,0,0,0,0,0,0,0,0,0,0,0,0,0,0,0,0,89,0,0,0,0,100
176,5,wda_40006001_001,慶尙道 / 慶州府 / 密陽都護府,本府,경상도 / 경주부 / 밀양도호부,본부,"軍丁, 侍衛軍一百二十, 鎭軍二百三十三, 船軍五百四十二。",0,120,0,0,0,0,0,0,0,0,0,0,0,0,0,0,0,0,233,0,0,0,0,542
177,5,wda_40006001_001,慶尙道 / 慶州府 / 密陽都護府,守山,경상도 / 경주부 / 밀양도호부,수산,,0,0,0,0,0,0,0,0,0,0,0,0,0,0,0,0,0,0,0,0,0,0,0,0
178,5,wda_40006001_001,慶尙道 / 慶州府 / 密陽都護府,豐角,경상도 / 경주부 / 밀양도호부,풍각,,0,0,0,0,0,0,0,0,0,0,0,0,0,0,0,0,0,0,0,0,0,0,0,0
179,5,wda_40006001_002,慶尙道 / 慶州府 / 梁山郡,,경상도 / 경주부 / 양산군,,"軍丁, 侍衛軍十五, 鎭軍四十三, 船軍一百三十一。",0,15,0,0,0,0,0,0,0,0,0,0,0,0,0,0,0,0,43,0,0,0,0,131
180,5,wda_40006001_003,慶尙道 / 慶州府 / 蔚山郡,,경상도 / 경주부 / 울산군,,"軍丁, 侍衛軍十六, 鎭軍一百十六, 船軍三百六十八。",0,16,0,0,0,0,0,0,0,0,0,0,0,0,0,0,0,0,116,0,0,0,0,368
181,5,wda_40006001_004,慶尙道 / 慶州府 / 淸道郡,,경상도 / 경주부 / 청도군,,"軍丁, 侍衛軍三十三, 鎭軍八十七, 船軍二百五十五。",0,33,0,0,0,0,0,0,0,0,0,0,0,0,0,0,0,0,87,0,0,0,0,255
182,5,wda_40006001_005,慶尙道 / 慶州府 / 興海郡,,경상도 / 경주부 / 흥해군,,"軍丁, 侍衛軍十, 鎭軍二十七, 船軍一百六十五。",0,10,0,0,0,0,0,0,0,0,0,0,0,0,0,0,0,0,27,0,0,0,0,165
183,5,wda_40006001_006,慶尙道 / 慶州府 / 大丘郡,本郡,경상도 / 경주부 / 대구군,본군,"軍丁, 侍衛軍五十一, 鎭軍一百單五, 船軍四百五十四。",0,51,0,0,0,0,0,0,0,0,0,0,0,0,0,0,0,0,105,0,0,0,0,454
184,5,wda_40006001_006,慶尙道 / 慶州府 / 大丘郡,壽城,경상도 / 경주부 / 대구군,수성,,0,0,0,0,0,0,0,0,0,0,0,0,0,0,0,0,0,0,0,0,0,0,0,0
185,5,wda_40006001_006,慶尙道 / 慶州府 / 大丘郡,河濱,경상도 / 경주부 / 대구군,하빈,,0,0,0,0,0,0,0,0,0,0,0,0,0,0,0,0,0,0,0,0,0,0,0,0
186,5,wda_40006001_006,慶尙道 / 慶州府 / 大丘郡,解顔縣,경상도 / 경주부 / 대구군,해안현,,0,0,0,0,0,0,0,0,0,0,0,0,0,0,0,0,0,0,0,0,0,0,0,0
187,5,wda_40006001_007,慶尙道 / 慶州府 / 慶山縣,,경상도 / 경주부 / 경산현,,"軍丁, 侍衛軍二十, 鎭軍三十四, 船軍二百。",0,20,0,0,0,0,0,0,0,0,0,0,0,0,0,0,0,0,34,0,0,0,0,200
188,5,wda_40006001_008,慶尙道 / 慶州府 / 東萊縣,本縣,경상도 / 경주부 / 동래현,본현,"軍丁, 侍衛軍十一, 鎭軍七十一, 船軍一百三十。",0,11,0,0,0,0,0,0,0,0,0,0,0,0,0,0,0,0,71,0,0,0,0,130
189,5,wda_40006001_008,慶尙道 / 慶州府 / 東萊縣,東平,경상도 / 경주부 / 동래현,동평,,0,0,0,0,0,0,0,0,0,0,0,0,0,0,0,0,0,0,0,0,0,0,0,0
190,5,wda_40006001_009,慶尙道 / 慶州府 / 昌寧縣,,경상도 / 경주부 / 창녕현,,"軍丁, 侍衛軍四十五, 營鎭軍七十九, 船軍三百四十二。",0,45,0,0,0,0,0,0,0,0,79,0,0,0,0,0,0,0,0,0,0,0,0,342
191,5,wda_40006001_010,慶尙道 / 慶州府 / 彦陽縣,,경상도 / 경주부 / 언양현,,"軍丁, 侍衛軍七, 營鎭軍四十四, 船軍一百五十六。",0,7,0,0,0,0,0,0,0,0,44,0,0,0,0,0,0,0,0,0,0,0,0,156
192,5,wda_40006001_011,慶尙道 / 慶州府 / 機張縣,,경상도 / 경주부 / 기장현,,"軍丁, 侍衛軍二, 鎭軍三, 船軍四十九。",0,2,0,0,0,0,0,0,0,0,0,0,0,0,0,0,0,0,3,0,0,0,0,49
193,5,wda_40006001_012,慶尙道 / 慶州府 / 長鬐縣,,경상도 / 경주부 / 장기현,,"軍丁, 侍衛軍四, 鎭軍一, 船軍三十四。",0,4,0,0,0,0,0,0,0,0,0,0,0,0,0,0,0,0,1,0,0,0,0,34
194,5,wda_40006001_013,慶尙道 / 慶州府 / 靈山縣,本縣,경상도 / 경주부 / 영산현,본현,"軍丁, 侍衛軍三十七, 營鎭軍五十, 船軍一百九十二。",0,37,0,0,0,0,0,0,0,0,50,0,0,0,0,0,0,0,0,0,0,0,0,192
195,5,wda_40006001_013,慶尙道 / 慶州府 / 靈山縣,桂城,경상도 / 경주부 / 영산현,계성,,0,0,0,0,0,0,0,0,0,0,0,0,0,0,0,0,0,0,0,0,0,0,0,0
196,5,wda_40006001_014,慶尙道 / 慶州府 / 玄風縣,,경상도 / 경주부 / 현풍현,,"軍丁, 侍衛軍三十五, 鎭軍五十三, 船軍二百三十二。",0,35,0,0,0,0,0,0,0,0,0,0,0,0,0,0,0,0,53,0,0,0,0,232
197,5,wda_40006001_015,慶尙道 / 慶州府 / 迎日縣,,경상도 / 경주부 / 영일현,,"軍丁, 侍衛軍八, 鎭軍四十, 船軍一百三十。",0,8,0,0,0,0,0,0,0,0,0,0,0,0,0,0,0,0,40,0,0,0,0,130
198,5,wda_40006001_016,慶尙道 / 慶州府 / 淸河縣,,경상도 / 경주부 / 청하현,,"軍丁, 侍衛軍二, 船軍四十六。",0,2,0,0,0,0,0,0,0,0,0,0,0,0,0,0,0,0,0,0,0,0,0,46
199,5,wda_40006002_001,慶尙道 / 安東大都護府 / 寧海都護府,本府,경상도 / 안동대도호부 / 영해도호부,본부,"軍丁, 侍衛軍六, 鎭軍六十二, 船軍一百二十六。",0,6,0,0,0,0,0,0,0,0,0,0,0,0,0,0,0,0,62,0,0,0,0,126
200,5,wda_40006002_001,慶尙道 / 安東大都護府 / 寧海都護府,英陽,경상도 / 안동대도호부 / 영해도호부,영양,,0,0,0,0,0,0,0,0,0,0,0,0,0,0,0,0,0,0,0,0,0,0,0,0
201,5,wda_40006002_001,慶尙道 / 安東大都護府 / 寧海都護府,靑杞,경상도 / 안동대도호부 / 영해도호부,청기,,0,0,0,0,0,0,0,0,0,0,0,0,0,0,0,0,0,0,0,0,0,0,0,0
202,5,wda_40006002_002,慶尙道 / 安東大都護府 / 順興都護府,,경상도 / 안동대도호부 / 순흥도호부,,"軍丁, 侍衛軍三十六, 鎭軍三十, 船軍八十一。",0,36,0,0,0,0,0,0,0,0,0,0,0,0,0,0,0,0,30,0,0,0,0,81
203,5,wda_40006002_003,慶尙道 / 安東大都護府 / 醴泉郡,本郡,경상도 / 안동대도호부 / 예천군,본군,"軍丁, 侍衛軍七十三, 鎭軍九十五, 船軍二百五十六。",0,73,0,0,0,0,0,0,0,0,0,0,0,0,0,0,0,0,95,0,0,0,0,256
204,5,wda_40006002_003,慶尙道 / 安東大都護府 / 醴泉郡,多仁,경상도 / 안동대도호부 / 예천군,다인,,0,0,0,0,0,0,0,0,0,0,0,0,0,0,0,0,0,0,0,0,0,0,0,0
205,5,wda_40006002_004,慶尙道 / 安東大都護府 / 榮川郡,,경상도 / 안동대도호부 / 영천군,,"軍丁, 侍衛軍四十五, 鎭軍六十四, 船軍一百三十。",0,45,0,0,0,0,0,0,0,0,0,0,0,0,0,0,0,0,64,0,0,0,0,130
206,5,wda_40006002_005,慶尙道 / 安東大都護府 / 永川郡,,경상도 / 안동대도호부 / 영천군,,"軍丁, 侍衛軍二十九, 鎭軍九十, 船軍三百三十六。",0,29,0,0,0,0,0,0,0,0,0,0,0,0,0,0,0,0,90,0,0,0,0,336
207,5,wda_40006002_006,慶尙道 / 安東大都護府 / 靑松郡,靑鳧,경상도 / 안동대도호부 / 청송군,청부,"軍丁, 侍衛軍四, 鎭軍二十二, 船軍四十九。",0,4,0,0,0,0,0,0,0,0,0,0,0,0,0,0,0,0,22,0,0,0,0,49
208,5,wda_40006002_006,慶尙道 / 安東大都護府 / 靑松郡,松生,경상도 / 안동대도호부 / 청송군,송생,,0,0,0,0,0,0,0,0,0,0,0,0,0,0,0,0,0,0,0,0,0,0,0,0
209,5,wda_40006002_006,慶尙道 / 安東大都護府 / 靑松郡,安德,경상도 / 안동대도호부 / 청송군,안덕,,0,0,0,0,0,0,0,0,0,0,0,0,0,0,0,0,0,0,0,0,0,0,0,0
210,5,wda_40006002_007,慶尙道 / 安東大都護府 / 義城縣,,경상도 / 안동대도호부 / 의성현,,"軍丁, 侍衛軍四十五, 鎭軍六十八, 船軍二百四十八。",0,45,0,0,0,0,0,0,0,0,0,0,0,0,0,0,0,0,68,0,0,0,0,248
211,5,wda_40006002_008,慶尙道 / 安東大都護府 / 盈德縣,,경상도 / 안동대도호부 / 영덕현,,"軍丁, 侍衛軍五, 鎭軍五, 船軍八十三。",0,5,0,0,0,0,0,0,0,0,0,0,0,0,0,0,0,0,5,0,0,0,0,83
212,5,wda_40006002_009,慶尙道 / 安東大都護府 / 禮安縣,,경상도 / 안동대도호부 / 예안현,,"軍丁, 侍衛軍十八, 鎭軍三十九, 船軍五十八。",0,18,0,0,0,0,0,0,0,0,0,0,0,0,0,0,0,0,39,0,0,0,0,58
213,5,wda_40006002_010,慶尙道 / 安東大都護府 / 河陽縣,,경상도 / 안동대도호부 / 하양현,,"軍丁, 侍衛軍六, 鎭軍二十二, 船軍一百六十。",0,6,0,0,0,0,0,0,0,0,0,0,0,0,0,0,0,0,22,0,0,0,0,160
214,5,wda_40006002_011,慶尙道 / 安東大都護府 / 基川縣,本縣,경상도 / 안동대도호부 / 기천현,본현,"軍丁, 侍衛軍十五, 鎭軍二十四, 船軍七十一。",0,15,0,0,0,0,0,0,0,0,0,0,0,0,0,0,0,0,24,0,0,0,0,71
215,5,wda_40006002_011,慶尙道 / 安東大都護府 / 基川縣,殷豐,경상도 / 안동대도호부 / 기천현,은풍,,0,0,0,0,0,0,0,0,0,0,0,0,0,0,0,0,0,0,0,0,0,0,0,0
216,5,wda_40006002_012,慶尙道 / 安東大都護府 / 仁同縣,本縣,경상도 / 안동대도호부 / 인동현,본현,"軍丁, 侍衛軍三十九, 鎭軍八十五, 船軍二百五十四。",0,39,0,0,0,0,0,0,0,0,0,0,0,0,0,0,0,0,85,0,0,0,0,254
217,5,wda_40006002_012,慶尙道 / 安東大都護府 / 仁同縣,若木,경상도 / 안동대도호부 / 인동현,약목,,0,0,0,0,0,0,0,0,0,0,0,0,0,0,0,0,0,0,0,0,0,0,0,0
218,5,wda_40006002_013,慶尙道 / 安東大都護府 / 奉化縣,,경상도 / 안동대도호부 / 봉화현,,"軍丁, 侍衛軍十八, 鎭軍二十九, 船軍五十九。",0,18,0,0,0,0,0,0,0,0,0,0,0,0,0,0,0,0,29,0,0,0,0,59
219,5,wda_40006002_014,慶尙道 / 安東大都護府 / 義興縣,本縣,경상도 / 안동대도호부 / 의흥현,본현,"軍丁, 侍衛軍十八, 鎭軍三十一, 船軍一百二十八。",0,18,0,0,0,0,0,0,0,0,0,0,0,0,0,0,0,0,31,0,0,0,0,128
220,5,wda_40006002_014,慶尙道 / 安東大都護府 / 義興縣,缶溪,경상도 / 안동대도호부 / 의흥현,부계,,0,0,0,0,0,0,0,0,0,0,0,0,0,0,0,0,0,0,0,0,0,0,0,0
221,5,wda_40006002_015,慶尙道 / 安東大都護府 / 新寧縣,本縣,경상도 / 안동대도호부 / 신녕현,본현,"軍丁, 侍衛軍十七, 鎭軍三十三, 船軍一百四十八。",0,17,0,0,0,0,0,0,0,0,0,0,0,0,0,0,0,0,33,0,0,0,0,148
222,5,wda_40006002_015,慶尙道 / 安東大都護府 / 新寧縣,梨旨,경상도 / 안동대도호부 / 신녕현,이지,,0,0,0,0,0,0,0,0,0,0,0,0,0,0,0,0,0,0,0,0,0,0,0,0
223,5,wda_40006002_016,慶尙道 / 安東大都護府 / 眞寶縣,,경상도 / 안동대도호부 / 진보현,,"軍丁, 侍衛軍十一, 鎭軍十一, 船軍二十五。",0,11,0,0,0,0,0,0,0,0,0,0,0,0,0,0,0,0,11,0,0,0,0,25
224,5,wda_40006002_017,慶尙道 / 安東大都護府 / 比安縣,比屋,경상도 / 안동대도호부 / 비안현,비옥,"軍丁, 侍衛軍二十八, 鎭軍四十九, 船軍一百四十。",0,28,0,0,0,0,0,0,0,0,0,0,0,0,0,0,0,0,49,0,0,0,0,140
225,5,wda_40006002_017,慶尙道 / 安東大都護府 / 比安縣,安貞,경상도 / 안동대도호부 / 비안현,안정,,0,0,0,0,0,0,0,0,0,0,0,0,0,0,0,0,0,0,0,0,0,0,0,0
226,5,wda_40006003_001,慶尙道 / 尙州牧 / 星州牧,本州,경상도 / 상주목 / 성주목,본주,"軍丁, 侍衛軍一百九十七, 營軍六十三, 鎭軍一百二十八, 船軍七百六十八。",0,197,0,0,0,0,0,0,0,0,0,0,0,0,0,63,0,0,128,0,0,0,0,768
227,5,wda_40006003_001,慶尙道 / 尙州牧 / 星州牧,加利,경상도 / 상주목 / 성주목,가리,,0,0,0,0,0,0,0,0,0,0,0,0,0,0,0,0,0,0,0,0,0,0,0,0
228,5,wda_40006003_001,慶尙道 / 尙州牧 / 星州牧,花園,경상도 / 상주목 / 성주목,화원,,0,0,0,0,0,0,0,0,0,0,0,0,0,0,0,0,0,0,0,0,0,0,0,0
229,5,wda_40006003_001,慶尙道 / 尙州牧 / 星州牧,八莒,경상도 / 상주목 / 성주목,팔거,,0,0,0,0,0,0,0,0,0,0,0,0,0,0,0,0,0,0,0,0,0,0,0,0
230,5,wda_40006003_002,慶尙道 / 尙州牧 / 善山都護府,本府,경상도 / 상주목 / 선산도호부,본부,"軍丁, 侍衛軍一百六十五, 鎭軍二十四, 守城軍四十一, 船軍二百八十五。",0,165,0,0,41,0,0,0,0,0,0,0,0,0,0,0,0,0,24,0,0,0,0,285
231,5,wda_40006003_002,慶尙道 / 尙州牧 / 善山都護府,海平,경상도 / 상주목 / 선산도호부,해평,,0,0,0,0,0,0,0,0,0,0,0,0,0,0,0,0,0,0,0,0,0,0,0,0
232,5,wda_40006003_003,慶尙道 / 尙州牧 / 陜川郡,本郡,경상도 / 상주목 / 합천군,본군,"軍丁, 侍衛軍三十六, 鎭軍二十二, 守城軍十六, 船軍二百三十六。",0,36,0,0,16,0,0,0,0,0,0,0,0,0,0,0,0,0,22,0,0,0,0,236
233,5,wda_40006003_003,慶尙道 / 尙州牧 / 陜川郡,冶爐,경상도 / 상주목 / 합천군,야로,,0,0,0,0,0,0,0,0,0,0,0,0,0,0,0,0,0,0,0,0,0,0,0,0
234,5,wda_40006003_004,慶尙道 / 尙州牧 / 草溪郡,,경상도 / 상주목 / 초계군,,"軍丁, 侍衛軍二十七, 營軍十六, 鎭軍二十, 船軍二百八十。",0,27,0,0,0,0,0,0,0,0,0,0,0,0,0,16,0,0,20,0,0,0,0,280
235,5,wda_40006003_005,慶尙道 / 尙州牧 / 金山郡,,경상도 / 상주목 / 금산군,,"軍丁, 侍衛軍七十二, 營軍十五, 鎭軍十四, 船軍一百七十九。",0,72,0,0,0,0,0,0,0,0,0,0,0,0,0,15,0,0,14,0,0,0,0,179
236,5,wda_40006003_006,慶尙道 / 尙州牧 / 高靈縣,,경상도 / 상주목 / 고령현,,"軍丁, 侍衛軍二十七, 營軍十一, 船軍二百十八。",0,27,0,0,0,0,0,0,0,0,0,0,0,0,0,11,0,0,0,0,0,0,0,218
237,5,wda_40006003_007,慶尙道 / 尙州牧 / 開寧縣,,경상도 / 상주목 / 개녕현,,"軍丁, 侍衛軍六十五, 營軍五, 鎭軍九, 船軍一百四十六。",0,65,0,0,0,0,0,0,0,0,0,0,0,0,0,5,0,0,9,0,0,0,0,146
238,5,wda_40006003_008,慶尙道 / 尙州牧 / 咸昌縣,,경상도 / 상주목 / 함창현,,"軍丁, 侍衛軍六十七, 營軍十, 鎭軍十六, 船軍一百五十四。",0,67,0,0,0,0,0,0,0,0,0,0,0,0,0,10,0,0,16,0,0,0,0,154
239,5,wda_40006003_009,慶尙道 / 尙州牧 / 龍宮縣,,경상도 / 상주목 / 용궁현,,"軍丁, 侍衛軍四十二, 鎭軍四十一, 船軍一百十六。",0,42,0,0,0,0,0,0,0,0,0,0,0,0,0,0,0,0,41,0,0,0,0,116
240,5,wda_40006003_010,慶尙道 / 尙州牧 / 聞慶縣,本縣,경상도 / 상주목 / 문경현,본현,"軍丁, 侍衛軍五十, 營鎭軍二十五, 船軍五十三。",0,50,0,0,0,0,0,0,0,0,25,0,0,0,0,0,0,0,0,0,0,0,0,53
241,5,wda_40006003_010,慶尙道 / 尙州牧 / 聞慶縣,加恩,경상도 / 상주목 / 문경현,가은,,0,0,0,0,0,0,0,0,0,0,0,0,0,0,0,0,0,0,0,0,0,0,0,0
242,5,wda_40006003_011,慶尙道 / 尙州牧 / 軍威縣,本縣,경상도 / 상주목 / 군위현,본현,"軍丁, 侍衛軍十九, 鎭軍三十七, 船軍八十八。",0,19,0,0,0,0,0,0,0,0,0,0,0,0,0,0,0,0,37,0,0,0,0,88
243,5,wda_40006003_011,慶尙道 / 尙州牧 / 軍威縣,孝靈,경상도 / 상주목 / 군위현,효령,,0,0,0,0,0,0,0,0,0,0,0,0,0,0,0,0,0,0,0,0,0,0,0,0
244,5,wda_40006003_012,慶尙道 / 尙州牧 / 知禮縣,,경상도 / 상주목 / 지례현,,"軍丁, 侍衛軍三十, 鎭軍二十, 船軍八十。",0,30,0,0,0,0,0,0,0,0,0,0,0,0,0,0,0,0,20,0,0,0,0,80
245,5,wda_40006004_001,慶尙道 / 晉州牧 / 金海都護府,本府,경상도 / 진주목 / 김해도호부,본부,"軍丁, 侍衛軍四十七, 營鎭軍一百二十, 船軍八百四十。",0,47,0,0,0,0,0,0,0,0,120,0,0,0,0,0,0,0,0,0,0,0,0,840
246,5,wda_40006004_001,慶尙道 / 晉州牧 / 金海都護府,熊神,경상도 / 진주목 / 김해도호부,웅신,,0,0,0,0,0,0,0,0,0,0,0,0,0,0,0,0,0,0,0,0,0,0,0,0
247,5,wda_40006004_001,慶尙道 / 晉州牧 / 金海都護府,莞浦,경상도 / 진주목 / 김해도호부,완포,,0,0,0,0,0,0,0,0,0,0,0,0,0,0,0,0,0,0,0,0,0,0,0,0
248,5,wda_40006004_002,慶尙道 / 晉州牧 / 昌原都護府,,경상도 / 진주목 / 창원도호부,,"軍丁, 侍衛軍五十二, 營鎭軍一百十九, 船軍六百八十九。",0,52,0,0,0,0,0,0,0,0,119,0,0,0,0,0,0,0,0,0,0,0,0,689
249,5,wda_40006004_003,慶尙道 / 晉州牧 / 咸安郡,,경상도 / 진주목 / 함안군,,"軍丁, 侍衛軍六十四, 營鎭軍七十六, 船軍三百七十。",0,64,0,0,0,0,0,0,0,0,76,0,0,0,0,0,0,0,0,0,0,0,0,370
250,5,wda_40006004_004,慶尙道 / 晉州牧 / 咸陽郡,,경상도 / 진주목 / 함양군,,"軍丁, 侍衛軍三十八, 鎭軍二十八, 船軍一百八十八。",0,38,0,0,0,0,0,0,0,0,0,0,0,0,0,0,0,0,28,0,0,0,0,188
251,5,wda_40006004_005,慶尙道 / 晉州牧 / 昆南郡,,경상도 / 진주목 / 곤남군,,"軍丁, 侍衛軍十一, 鎭軍九, 船軍一百三十六。",0,11,0,0,0,0,0,0,0,0,0,0,0,0,0,0,0,0,9,0,0,0,0,136
252,5,wda_40006004_006,慶尙道 / 晉州牧 / 固城縣,,경상도 / 진주목 / 고성현,,"軍丁, 侍衛軍三十, 營鎭軍九十, 船軍三百二十七。",0,30,0,0,0,0,0,0,0,0,90,0,0,0,0,0,0,0,0,0,0,0,0,327
253,5,wda_40006004_007,慶尙道 / 晉州牧 / 巨濟縣,,경상도 / 진주목 / 거제현,,"軍丁, 守護軍一百三。",0,0,0,0,0,103,0,0,0,0,0,0,0,0,0,0,0,0,0,0,0,0,0,0
254,5,wda_40006004_008,慶尙道 / 晉州牧 / 泗川縣,,경상도 / 진주목 / 사천현,,"軍丁, 侍衛軍二十三, 營鎭軍十七, 船軍二百二十八。",0,23,0,0,0,0,0,0,0,0,17,0,0,0,0,0,0,0,0,0,0,0,0,228
255,5,wda_40006004_009,慶尙道 / 晉州牧 / 居昌縣,,경상도 / 진주목 / 거창현,,"軍丁, 侍衛軍四十七, 鎭軍三十九, 船軍二百六十八。",0,47,0,0,0,0,0,0,0,0,0,0,0,0,0,0,0,0,39,0,0,0,0,268
256,5,wda_40006004_010,慶尙道 / 晉州牧 / 河東縣,,경상도 / 진주목 / 하동현,,"軍丁, 侍衛軍十五, 鎭軍十一, 船軍一百五十八。",0,15,0,0,0,0,0,0,0,0,0,0,0,0,0,0,0,0,11,0,0,0,0,158
257,5,wda_40006004_011,慶尙道 / 晉州牧 / 珍城縣,本縣,경상도 / 진주목 / 진성현,본현,"軍丁, 侍衛軍二十五, 營鎭軍二十九, 船軍一百六十二。",0,25,0,0,0,0,0,0,0,0,29,0,0,0,0,0,0,0,0,0,0,0,0,162
258,5,wda_40006004_011,慶尙道 / 晉州牧 / 珍城縣,丹溪,경상도 / 진주목 / 진성현,단계,,0,0,0,0,0,0,0,0,0,0,0,0,0,0,0,0,0,0,0,0,0,0,0,0
259,5,wda_40006004_012,慶尙道 / 晉州牧 / 漆原縣,本縣,경상도 / 진주목 / 칠원현,본현,"軍丁, 侍衛軍三十, 營鎭軍二十八, 船軍二百二十五。",0,30,0,0,0,0,0,0,0,0,28,0,0,0,0,0,0,0,0,0,0,0,0,225
260,5,wda_40006004_012,慶尙道 / 晉州牧 / 漆原縣,龜山,경상도 / 진주목 / 칠원현,구산,,0,0,0,0,0,0,0,0,0,0,0,0,0,0,0,0,0,0,0,0,0,0,0,0
261,5,wda_40006004_013,慶尙道 / 晉州牧 / 山陰縣,,경상도 / 진주목 / 산음현,,"軍丁, 侍衛軍十八, 鎭軍十四, 船軍一百八十八。",0,18,0,0,0,0,0,0,0,0,0,0,0,0,0,0,0,0,14,0,0,0,0,188
262,5,wda_40006004_014,慶尙道 / 晉州牧 / 安陰縣,,경상도 / 진주목 / 안음현,,"軍丁, 侍衛軍三十五, 鎭軍三十四, 船軍一百八十八。",0,35,0,0,0,0,0,0,0,0,0,0,0,0,0,0,0,0,34,0,0,0,0,188
263,5,wda_40006004_015,慶尙道 / 晉州牧 / 三嘉縣,,경상도 / 진주목 / 삼가현,,"軍丁, 侍衛軍二十七, 營鎭軍四十, 船軍一百八十單一。",0,27,0,0,0,0,0,0,0,0,40,0,0,0,0,0,0,0,0,0,0,0,0,181
264,5,wda_40006004_016,慶尙道 / 晉州牧 / 宜寧縣,本縣,경상도 / 진주목 / 의령현,본현,"軍丁, 侍衛軍五十, 營鎭軍七十, 船軍三百二十七。",0,50,0,0,0,0,0,0,0,0,70,0,0,0,0,0,0,0,0,0,0,0,0,327
265,5,wda_40006004_016,慶尙道 / 晉州牧 / 宜寧縣,新繁,경상도 / 진주목 / 의령현,신번,,0,0,0,0,0,0,0,0,0,0,0,0,0,0,0,0,0,0,0,0,0,0,0,0
266,5,wda_40006004_017,慶尙道 / 晉州牧 / 鎭海縣,,경상도 / 진주목 / 진해현,,"軍丁, 侍衛軍六, 營鎭軍二, 船軍一百七。",0,6,0,0,0,0,0,0,0,0,2,0,0,0,0,0,0,0,0,0,0,0,0,107
267,5,wda_40007001_001,全羅道 / 全州府 / 珍山郡,,전라도 / 전주부 / 진산군,,"軍丁, 侍衛軍三十四, 船軍十七。",0,34,0,0,0,0,0,0,0,0,0,0,0,0,0,0,0,0,0,0,0,0,0,17
268,5,wda_40007001_002,全羅道 / 全州府 / 錦山郡,,전라도 / 전주부 / 금산군,,"軍丁, 侍衛軍十四, 鎭軍五十七, 船軍一百五十九。",0,14,0,0,0,0,0,0,0,0,0,0,0,0,0,0,0,0,57,0,0,0,0,159
269,5,wda_40007001_003,全羅道 / 全州府 / 益山郡,,전라도 / 전주부 / 익산군,,"軍丁, 侍衛軍二十一, 鎭軍四十四, 船軍二百九十五。",0,21,0,0,0,0,0,0,0,0,0,0,0,0,0,0,0,0,44,0,0,0,0,295
270,5,wda_40007001_004,全羅道 / 全州府 / 古阜郡,,전라도 / 전주부 / 고부군,,"軍丁, 侍衛軍十六, 鎭軍三十六, 船軍二百八十四。",0,16,0,0,0,0,0,0,0,0,0,0,0,0,0,0,0,0,36,0,0,0,0,284
271,5,wda_40007001_005,全羅道 / 全州府 / 金堤郡,,전라도 / 전주부 / 김제군,,"軍丁, 侍衛軍二十三, 鎭軍四十八, 船軍三百五十三。",0,23,0,0,0,0,0,0,0,0,0,0,0,0,0,0,0,0,48,0,0,0,0,353
272,5,wda_40007001_006,全羅道 / 全州府 / 金溝縣,,전라도 / 전주부 / 금구현,,"軍丁, 侍衛軍二十五, 鎭軍四十, 船軍一百八十四。",0,25,0,0,0,0,0,0,0,0,0,0,0,0,0,0,0,0,40,0,0,0,0,184
273,5,wda_40007001_007,全羅道 / 全州府 / 萬頃縣,,전라도 / 전주부 / 만경현,,"軍丁, 侍衛軍七, 鎭軍二十六, 船軍一百六十。",0,7,0,0,0,0,0,0,0,0,0,0,0,0,0,0,0,0,26,0,0,0,0,160
274,5,wda_40007001_008,全羅道 / 全州府 / 臨陂縣,,전라도 / 전주부 / 임피현,,"軍丁, 侍衛軍十, 鎭軍四十九, 船軍四百四十七。",0,10,0,0,0,0,0,0,0,0,0,0,0,0,0,0,0,0,49,0,0,0,0,447
275,5,wda_40007001_009,全羅道 / 全州府 / 沃溝縣,,전라도 / 전주부 / 옥구현,,"軍丁, 侍衛軍九, 鎭軍三十六, 船軍二百十三。",0,9,0,0,0,0,0,0,0,0,0,0,0,0,0,0,0,0,36,0,0,0,0,213
276,5,wda_40007001_010,全羅道 / 全州府 / 咸悅縣,,전라도 / 전주부 / 함열현,,"軍丁, 侍衛軍十一, 鎭軍二十五, 船軍三百二十六。",0,11,0,0,0,0,0,0,0,0,0,0,0,0,0,0,0,0,25,0,0,0,0,326
277,5,wda_40007001_011,全羅道 / 全州府 / 龍安縣,,전라도 / 전주부 / 용안현,,"軍丁, 侍衛軍二, 鎭軍十三, 船軍一百二十五, 守護軍三。",0,2,0,0,0,3,0,0,0,0,0,0,0,0,0,0,0,0,13,0,0,0,0,125
278,5,wda_40007001_012,全羅道 / 全州府 / 扶安縣,,전라도 / 전주부 / 부안현,,"軍丁, 侍衛軍十九, 鎭軍三十八, 船軍三百四。",0,19,0,0,0,0,0,0,0,0,0,0,0,0,0,0,0,0,38,0,0,0,0,304
279,5,wda_40007001_013,全羅道 / 全州府 / 井邑縣,,전라도 / 전주부 / 정읍현,,"軍丁, 侍衛軍十九, 鎭軍十, 船軍一百二十九。",0,19,0,0,0,0,0,0,0,0,0,0,0,0,0,0,0,0,10,0,0,0,0,129
280,5,wda_40007001_014,全羅道 / 全州府 / 泰仁縣,,전라도 / 전주부 / 태인현,,"軍丁, 侍衛軍二十九, 鎭軍十八, 船軍二百四十七。",0,29,0,0,0,0,0,0,0,0,0,0,0,0,0,0,0,0,18,0,0,0,0,247
281,5,wda_40007001_015,全羅道 / 全州府 / 高山縣,,전라도 / 전주부 / 고산현,,"軍丁, 侍衛軍十六, 鎭軍四十八, 船軍四十四。",0,16,0,0,0,0,0,0,0,0,0,0,0,0,0,0,0,0,48,0,0,0,0,44
282,5,wda_40007001_016,全羅道 / 全州府 / 礪山縣,,전라도 / 전주부 / 여산현,,"軍丁, 侍衛軍十七, 鎭軍四十三, 船軍二百二十二。",0,17,0,0,0,0,0,0,0,0,0,0,0,0,0,0,0,0,43,0,0,0,0,222
283,5,wda_40007002_001,全羅道 / 羅州牧 / 海珍郡,,전라도 / 나주목 / 해진군,,"軍丁, 侍衛軍一, 營鎭軍十一, 船軍一百六十四。",0,1,0,0,0,0,0,0,0,0,11,0,0,0,0,0,0,0,0,0,0,0,0,164
284,5,wda_40007002_002,全羅道 / 羅州牧 / 靈巖郡,,전라도 / 나주목 / 영암군,,"軍丁, 侍衛軍二十五, 營軍二十六, 船軍二百五十九。",0,25,0,0,0,0,0,0,0,0,0,0,0,0,0,26,0,0,0,0,0,0,0,259
285,5,wda_40007002_003,全羅道 / 羅州牧 / 靈光郡,,전라도 / 나주목 / 영광군,,"軍丁, 侍衛軍三十二, 鎭軍七十六, 船軍二百九十三。",0,32,0,0,0,0,0,0,0,0,0,0,0,0,0,0,0,0,76,0,0,0,0,293
286,5,wda_40007002_004,全羅道 / 羅州牧 / 康津縣,,전라도 / 나주목 / 강진현,,"軍丁, 侍衛軍二十九, 營軍五十四, 船軍二百五十二。",0,29,0,0,0,0,0,0,0,0,0,0,0,0,0,54,0,0,0,0,0,0,0,252
287,5,wda_40007002_005,全羅道 / 羅州牧 / 茂長縣,,전라도 / 나주목 / 무장현,,"軍丁, 侍衛軍九, 鎭軍九十, 船軍三百三十五。",0,9,0,0,0,0,0,0,0,0,0,0,0,0,0,0,0,0,90,0,0,0,0,335
288,5,wda_40007002_006,全羅道 / 羅州牧 / 咸平縣,,전라도 / 나주목 / 함평현,,"軍丁, 侍衛軍二十八, 營鎭軍五十五, 船軍三百七十九。",0,28,0,0,0,0,0,0,0,0,55,0,0,0,0,0,0,0,0,0,0,0,0,379
289,5,wda_40007002_007,全羅道 / 羅州牧 / 南平縣,,전라도 / 나주목 / 남평현,,"軍丁, 侍衛軍五十六, 營軍四十三, 船軍一百七十八。",0,56,0,0,0,0,0,0,0,0,0,0,0,0,0,43,0,0,0,0,0,0,0,178
290,5,wda_40007002_008,全羅道 / 羅州牧 / 務安縣,,전라도 / 나주목 / 무안현,,"軍丁, 侍衛軍十七, 營軍九, 船軍二百三十七。",0,17,0,0,0,0,0,0,0,0,0,0,0,0,0,9,0,0,0,0,0,0,0,237
291,5,wda_40007002_009,全羅道 / 羅州牧 / 高敞縣,,전라도 / 나주목 / 고창현,,"軍丁, 侍衛軍九, 鎭軍三十, 船軍一百九十一。",0,9,0,0,0,0,0,0,0,0,0,0,0,0,0,0,0,0,30,0,0,0,0,191
292,5,wda_40007002_010,全羅道 / 羅州牧 / 興德縣,,전라도 / 나주목 / 흥덕현,,"軍丁, 侍衛軍二十三, 鎭軍五十二, 船軍一百九十八。",0,23,0,0,0,0,0,0,0,0,0,0,0,0,0,0,0,0,52,0,0,0,0,198
293,5,wda_40007002_011,全羅道 / 羅州牧 / 長城縣,,전라도 / 나주목 / 장성현,,"軍丁, 侍衛軍十三, 鎭軍二十三, 船軍一百四十。",0,13,0,0,0,0,0,0,0,0,0,0,0,0,0,0,0,0,23,0,0,0,0,140
294,5,wda_40007003_001,全羅道 / 南原都護府 / 淳昌郡,,전라도 / 남원도호부 / 순창군,,"軍丁, 侍衛軍三十六, 鎭軍三十五, 船軍一百九十九。",0,36,0,0,0,0,0,0,0,0,0,0,0,0,0,0,0,0,35,0,0,0,0,199
295,5,wda_40007003_002,全羅道 / 南原都護府 / 龍潭縣,,전라도 / 남원도호부 / 용담현,,"軍丁, 侍衛軍二, 鎭軍十二, 船軍五十九。",0,2,0,0,0,0,0,0,0,0,0,0,0,0,0,0,0,0,12,0,0,0,0,59
296,5,wda_40007003_003,全羅道 / 南原都護府 / 求禮縣,,전라도 / 남원도호부 / 구례현,,"軍丁, 侍衛軍十六。",0,16,0,0,0,0,0,0,0,0,0,0,0,0,0,0,0,0,0,0,0,0,0,0
297,5,wda_40007003_004,全羅道 / 南原都護府 / 任實縣,,전라도 / 남원도호부 / 임실현,,"軍丁, 侍衛軍十, 鎭軍二十四, 船軍一百六十。",0,10,0,0,0,0,0,0,0,0,0,0,0,0,0,0,0,0,24,0,0,0,0,160
298,5,wda_40007003_005,全羅道 / 南原都護府 / 雲峯縣,,전라도 / 남원도호부 / 운봉현,,"軍丁, 侍衛軍七, 守護軍二十二, 鎭軍二。",0,7,0,0,0,22,0,0,0,0,0,0,0,0,0,0,0,0,2,0,0,0,0,0
299,5,wda_40007003_006,全羅道 / 南原都護府 / 長水縣,,전라도 / 남원도호부 / 장수현,,"軍丁, 侍衛軍九, 鎭軍十七, 船軍一百五十九, 防牌一。",0,9,0,0,0,0,0,0,0,0,0,0,0,0,0,0,0,0,17,1,0,0,0,159
300,5,wda_40007003_007,全羅道 / 南原都護府 / 茂朱縣,,전라도 / 남원도호부 / 무주현,,"軍丁, 侍衛軍四, 鎭軍六, 船軍九。",0,4,0,0,0,0,0,0,0,0,0,0,0,0,0,0,0,0,6,0,0,0,0,9
301,5,wda_40007003_008,全羅道 / 南原都護府 / 鎭安縣,,전라도 / 남원도호부 / 진안현,,"軍丁, 侍衛軍十三, 鎭軍三十三, 船軍九十五。",0,13,0,0,0,0,0,0,0,0,0,0,0,0,0,0,0,0,33,0,0,0,0,95
302,5,wda_40007003_009,全羅道 / 南原都護府 / 谷城縣,,전라도 / 남원도호부 / 곡성현,,"軍丁, 侍衛軍十一, 鎭軍十, 船軍一百單十。",0,11,0,0,0,0,0,0,0,0,0,0,0,0,0,0,0,0,10,0,0,0,0,110
303,5,wda_40007003_010,全羅道 / 南原都護府 / 光陽縣,,전라도 / 남원도호부 / 광양현,,"軍丁, 侍衛軍六, 守護軍十五, 鎭軍二, 船軍一百五。",0,6,0,0,0,15,0,0,0,0,0,0,0,0,0,0,0,0,2,0,0,0,0,105
304,5,wda_40007004_001,全羅道 / 長興都護府 / 潭陽都護府,,전라도 / 장흥도호부 / 담양도호부,,"軍丁, 侍衛軍四十八, 營鎭軍七十九, 船軍二百五十。",0,48,0,0,0,0,0,0,0,0,79,0,0,0,0,0,0,0,0,0,0,0,0,250
305,5,wda_40007004_002,全羅道 / 長興都護府 / 順天都護府,,전라도 / 장흥도호부 / 순천도호부,,"軍丁, 侍衛軍十七, 守護軍七十九。",0,17,0,0,0,79,0,0,0,0,0,0,0,0,0,0,0,0,0,0,0,0,0,0
306,5,wda_40007004_003,全羅道 / 長興都護府 / 茂珍郡,,전라도 / 장흥도호부 / 무진군,,"軍丁, 侍衛軍七十五, 營鎭軍二百六十九, 船軍五百七十一, 守城軍八。",0,75,0,0,8,0,0,0,0,0,269,0,0,0,0,0,0,0,0,0,0,0,0,571
307,5,wda_40007004_004,全羅道 / 長興都護府 / 寶城郡,,전라도 / 장흥도호부 / 보성군,,"軍丁, 侍衛軍十二, 營鎭軍三十一, 船軍二百五。",0,12,0,0,0,0,0,0,0,0,31,0,0,0,0,0,0,0,0,0,0,0,0,205
308,5,wda_40007004_005,全羅道 / 長興都護府 / 樂安郡,,전라도 / 장흥도호부 / 낙안군,,"軍丁, 侍衛軍十三, 鎭軍二十五, 船軍一百六十六。",0,13,0,0,0,0,0,0,0,0,0,0,0,0,0,0,0,0,25,0,0,0,0,166
309,5,wda_40007004_006,全羅道 / 長興都護府 / 高興縣,,전라도 / 장흥도호부 / 고흥현,,"軍丁, 侍衛軍八, 鎭軍四十六, 船軍五十九。",0,8,0,0,0,0,0,0,0,0,0,0,0,0,0,0,0,0,46,0,0,0,0,59
310,5,wda_40007004_007,全羅道 / 長興都護府 / 綾城縣,,전라도 / 장흥도호부 / 능성현,,"軍丁, 侍衛軍九, 營鎭軍四十, 船軍一百一。",0,9,0,0,0,0,0,0,0,0,40,0,0,0,0,0,0,0,0,0,0,0,0,101
311,5,wda_40007004_008,全羅道 / 長興都護府 / 昌平縣,,전라도 / 장흥도호부 / 창평현,,"軍丁, 侍衛軍三十四, 營鎭軍四十五, 船軍一百三十八。",0,34,0,0,0,0,0,0,0,0,45,0,0,0,0,0,0,0,0,0,0,0,0,138
312,5,wda_40007004_009,全羅道 / 長興都護府 / 和順縣,,전라도 / 장흥도호부 / 화순현,,"軍丁, 侍衛軍十九, 營鎭軍三十四, 船軍四十。",0,19,0,0,0,0,0,0,0,0,34,0,0,0,0,0,0,0,0,0,0,0,0,40
313,5,wda_40007004_010,全羅道 / 長興都護府 / 同福縣,,전라도 / 장흥도호부 / 동복현,,"軍丁, 侍衛軍二, 營鎭軍四十, 船軍二十四。",0,2,0,0,0,0,0,0,0,0,40,0,0,0,0,0,0,0,0,0,0,0,0,24
314,5,wda_40007004_011,全羅道 / 長興都護府 / 玉果縣,,전라도 / 장흥도호부 / 옥과현,,"軍丁, 侍衛軍十七, 鎭屬軍三十四, 船軍一百十七。",0,17,0,0,0,0,0,0,0,0,0,0,34,0,0,0,0,0,0,0,0,0,0,117
315,5,wda_40007004_012,全羅道 / 長興都護府 / 珍原縣,,전라도 / 장흥도호부 / 진원현,,"軍丁, 侍衛軍二十一, 營鎭軍五十一, 船軍一百六。",0,21,0,0,0,0,0,0,0,0,51,0,0,0,0,0,0,0,0,0,0,0,0,106
316,5,wda_40007005_001,全羅道 / 濟州牧 / 旌義縣,,전라도 / 제주목 / 정의현,,"軍丁, 馬軍三百七十六名, 步軍二百五十四名。",0,0,0,0,0,0,0,0,0,0,0,0,0,0,254,0,0,0,0,0,376,0,0,0
317,5,wda_40007005_002,全羅道 / 濟州牧 / 大靜縣,,전라도 / 제주목 / 대정현,,"軍丁, 馬軍二百二名, 步軍四百六十八名。",0,0,0,0,0,0,0,0,0,0,0,0,0,0,468,0,0,0,0,0,202,0,0,0
318,5,wda_40008001_001,黃海道 / 黃州牧 / 瑞興都護府,,황해도 / 황주목 / 서흥도호부,,"軍丁, 侍衛軍二百十四, 營鎭軍一百七十九, 船軍一百四十。",0,214,0,0,0,0,0,0,0,0,179,0,0,0,0,0,0,0,0,0,0,0,0,140
319,5,wda_40008001_002,黃海道 / 黃州牧 / 鳳山郡,,황해도 / 황주목 / 봉산군,,"軍丁, 侍衛軍二百三十七, 營鎭軍二百十, 船軍一百八十八。",0,237,0,0,0,0,0,0,0,0,210,0,0,0,0,0,0,0,0,0,0,0,0,188
320,5,wda_40008001_003,黃海道 / 黃州牧 / 安岳郡,,황해도 / 황주목 / 안악군,,"軍丁, 侍衛軍三十, 營鎭軍八十二, 船軍三百十九。",0,30,0,0,0,0,0,0,0,0,82,0,0,0,0,0,0,0,0,0,0,0,0,319
321,5,wda_40008001_004,黃海道 / 黃州牧 / 遂安郡,,황해도 / 황주목 / 수안군,,"軍丁, 侍衛軍二百單六, 營鎭軍七十, 船軍一百六十。",0,206,0,0,0,0,0,0,0,0,70,0,0,0,0,0,0,0,0,0,0,0,0,160
322,5,wda_40008001_005,黃海道 / 黃州牧 / 谷山郡,,황해도 / 황주목 / 곡산군,,"軍丁, 侍衛軍一百五十五, 營鎭軍九十六, 船軍一百十九。",0,155,0,0,0,0,0,0,0,0,96,0,0,0,0,0,0,0,0,0,0,0,0,119
323,5,wda_40008001_006,黃海道 / 黃州牧 / 新恩縣,,황해도 / 황주목 / 신은현,,"軍丁, 侍衛軍一百三十六, 營鎭軍六十四, 船軍一百單十。",0,136,0,0,0,0,0,0,0,0,64,0,0,0,0,0,0,0,0,0,0,0,0,110
324,5,wda_40008002_001,黃海道 / 海州牧 / 載寧郡,,황해도 / 해주목 / 재령군,,"軍丁, 侍衛軍一百七十三, 鎭軍一百六十九, 船軍二百。",0,173,0,0,0,0,0,0,0,0,0,0,0,0,0,0,0,0,169,0,0,0,0,200
325,5,wda_40008002_002,黃海道 / 海州牧 / 甕津縣,,황해도 / 해주목 / 옹진현,,"軍丁, 營鎭軍九十六, 船軍五十四。",0,0,0,0,0,0,0,0,0,0,96,0,0,0,0,0,0,0,0,0,0,0,0,54
326,5,wda_40008002_003,黃海道 / 海州牧 / 長淵縣,,황해도 / 해주목 / 장연현,,"軍丁, 侍衛軍十, 營鎭軍一百八十四, 船軍二百單九。",0,10,0,0,0,0,0,0,0,0,184,0,0,0,0,0,0,0,0,0,0,0,0,209
327,5,wda_40008002_004,黃海道 / 海州牧 / 康翎縣,,황해도 / 해주목 / 강령현,,"軍丁, 鎭軍六十五, 船軍三十六。",0,0,0,0,0,0,0,0,0,0,0,0,0,0,0,0,0,0,65,0,0,0,0,36
328,5,wda_40008002_005,黃海道 / 海州牧 / 信川縣,,황해도 / 해주목 / 신천현,,"軍丁, 侍衛軍二十二, 營鎭軍一百單十, 船軍二百八十九。",0,22,0,0,0,0,0,0,0,0,110,0,0,0,0,0,0,0,0,0,0,0,0,289
329,5,wda_40008003_001,黃海道 / 延安都護府 / 平山都護府,,황해도 / 연안도호부 / 평산도호부,,"軍丁, 侍衛軍二百九十, 營鎭軍一百四十四, 船軍二百單六。",0,290,0,0,0,0,0,0,0,0,144,0,0,0,0,0,0,0,0,0,0,0,0,206
330,5,wda_40008003_002,黃海道 / 延安都護府 / 白川郡,,황해도 / 연안도호부 / 백천군,,"軍丁, 侍衛軍七十三, 營鎭軍七十七, 船軍一百七十四。",0,73,0,0,0,0,0,0,0,0,77,0,0,0,0,0,0,0,0,0,0,0,0,174
331,5,wda_40008003_003,黃海道 / 延安都護府 / 牛峯縣,,황해도 / 연안도호부 / 우봉현,,"軍丁, 侍衛軍一百十七, 營鎭軍四十五, 船軍一百十三。",0,117,0,0,0,0,0,0,0,0,45,0,0,0,0,0,0,0,0,0,0,0,0,113
332,5,wda_40008003_004,黃海道 / 延安都護府 / 兎山縣,,황해도 / 연안도호부 / 토산현,,"軍丁, 侍衛軍八十三, 鎭軍五十二, 船軍四十九。",0,83,0,0,0,0,0,0,0,0,0,0,0,0,0,0,0,0,52,0,0,0,0,49
333,5,wda_40008003_005,黃海道 / 延安都護府 / 江陰縣,,황해도 / 연안도호부 / 강음현,,"軍丁, 侍衛軍十三, 營鎭軍十二, 船軍四十二。",0,13,0,0,0,0,0,0,0,0,12,0,0,0,0,0,0,0,0,0,0,0,0,42
334,5,wda_40008004_001,黃海道 / 豐川郡 / 文化縣,,황해도 / 풍천군 / 문화현,,"軍丁, 侍衛軍十五, 鎭軍一百二十九, 船軍一百八十一。",0,15,0,0,0,0,0,0,0,0,0,0,0,0,0,0,0,0,129,0,0,0,0,181
335,5,wda_40008004_002,黃海道 / 豐川郡 / 松禾縣·靑松縣,,황해도 / 풍천군 / 송화현·청송현,,"軍丁, 侍衛軍十一, 營鎭軍一百二十二, 船軍二百七。",0,11,0,0,0,0,0,0,0,0,122,0,0,0,0,0,0,0,0,0,0,0,0,207
336,5,wda_40008004_003,黃海道 / 豐川郡 / 殷栗縣,,황해도 / 풍천군 / 은율현,,"軍丁, 侍衛軍五, 鎭軍三十六, 船軍一百六。",0,5,0,0,0,0,0,0,0,0,0,0,0,0,0,0,0,0,36,0,0,0,0,106
337,5,wda_40008004_004,黃海道 / 豐川郡 / 長連縣·長命鎭,,황해도 / 풍천군 / 장련현·장명진,,"軍丁, 侍衛軍三, 鎭軍三十一, 船軍九十三。",0,3,0,0,0,0,0,0,0,0,0,0,0,0,0,0,0,0,31,0,0,0,0,93
338,5,wda_40009001_001,江原道 / 江陵大都護府 / 襄陽都護府,本府,강원도 / 강릉대도호부 / 양양도호부,본부,"軍丁, 侍衛軍七十三, 船軍一百九十五。",0,73,0,0,0,0,0,0,0,0,0,0,0,0,0,0,0,0,0,0,0,0,0,195
339,5,wda_40009001_001,江原道 / 江陵大都護府 / 襄陽都護府,洞山縣,강원도 / 강릉대도호부 / 양양도호부,동산현,,0,0,0,0,0,0,0,0,0,0,0,0,0,0,0,0,0,0,0,0,0,0,0,0
340,5,wda_40009001_002,江原道 / 江陵大都護府 / 旌善郡,,강원도 / 강릉대도호부 / 정선군,,"軍丁, 侍衛軍十九, 船軍二十四。",0,19,0,0,0,0,0,0,0,0,0,0,0,0,0,0,0,0,0,0,0,0,0,24
341,5,wda_40009001_003,江原道 / 江陵大都護府 / 平昌郡,,강원도 / 강릉대도호부 / 평창군,,"軍丁, 侍衛軍四十五, 船軍四十。",0,45,0,0,0,0,0,0,0,0,0,0,0,0,0,0,0,0,0,0,0,0,0,40
342,5,wda_40009002_001,江原道 / 原州牧 / 寧越郡,,강원도 / 원주목 / 영월군,,"軍丁, 侍衛軍六十六, 船軍四。",0,66,0,0,0,0,0,0,0,0,0,0,0,0,0,0,0,0,0,0,0,0,0,4
343,5,wda_40009002_002,江原道 / 原州牧 / 橫城縣,,강원도 / 원주목 / 횡성현,,"軍丁, 侍衛軍七十七, 船軍二十。",0,77,0,0,0,0,0,0,0,0,0,0,0,0,0,0,0,0,0,0,0,0,0,20
344,5,wda_40009002_003,江原道 / 原州牧 / 洪川縣,本縣,강원도 / 원주목 / 홍천현,본현,"軍丁, 侍衛軍一百五十五, 船軍六十五。",0,155,0,0,0,0,0,0,0,0,0,0,0,0,0,0,0,0,0,0,0,0,0,65
345,5,wda_40009002_003,江原道 / 原州牧 / 洪川縣,寺伊巖莊,강원도 / 원주목 / 홍천현,사이암장,,0,0,0,0,0,0,0,0,0,0,0,0,0,0,0,0,0,0,0,0,0,0,0,0
346,5,wda_40009003_001,江原道 / 淮陽都護府 / 金城縣,本縣,강원도 / 회양도호부 / 금성현,본현,"軍丁, 侍衛軍一百十九。",0,119,0,0,0,0,0,0,0,0,0,0,0,0,0,0,0,0,0,0,0,0,0,0
347,5,wda_40009003_001,江原道 / 淮陽都護府 / 金城縣,通溝縣,강원도 / 회양도호부 / 금성현,통구현,,0,0,0,0,0,0,0,0,0,0,0,0,0,0,0,0,0,0,0,0,0,0,0,0
348,5,wda_40009003_002,江原道 / 淮陽都護府 / 金化縣,,강원도 / 회양도호부 / 김화현,,"軍丁, 侍衛軍六十七, 船軍十。",0,67,0,0,0,0,0,0,0,0,0,0,0,0,0,0,0,0,0,0,0,0,0,10
349,5,wda_40009003_003,江原道 / 淮陽都護府 / 平康縣,,강원도 / 회양도호부 / 평강현,,"軍丁, 侍衛軍六十七。",0,67,0,0,0,0,0,0,0,0,0,0,0,0,0,0,0,0,0,0,0,0,0,0
350,5,wda_40009003_004,江原道 / 淮陽都護府 / 伊川縣,,강원도 / 회양도호부 / 이천현,,"軍丁, 侍衛軍一百十七, 船軍十八。",0,117,0,0,0,0,0,0,0,0,0,0,0,0,0,0,0,0,0,0,0,0,0,18
351,5,wda_40009004_001,江原道 / 三陟都護府 / 平海郡,,강원도 / 삼척도호부 / 평해군,,"軍丁, 侍衛軍二十五, 船軍七十一, 守城軍七。",0,25,0,0,7,0,0,0,0,0,0,0,0,0,0,0,0,0,0,0,0,0,0,71
352,5,wda_40009004_002,江原道 / 三陟都護府 / 蔚珍縣,,강원도 / 삼척도호부 / 울진현,,"軍丁, 侍衛軍三十八, 船軍七十, 守城軍四。",0,38,0,0,4,0,0,0,0,0,0,0,0,0,0,0,0,0,0,0,0,0,0,70
353,5,wda_40009005_001,江原道 / 春川都護府 / 狼川縣,,강원도 / 춘천도호부 / 낭천현,,"軍丁, 侍衛軍一百, 船軍三十。",0,100,0,0,0,0,0,0,0,0,0,0,0,0,0,0,0,0,0,0,0,0,0,30
354,5,wda_40009005_002,江原道 / 春川都護府 / 楊口縣,本縣,강원도 / 춘천도호부 / 양구현,본현,"軍丁, 侍衛軍八十七。",0,87,0,0,0,0,0,0,0,0,0,0,0,0,0,0,0,0,0,0,0,0,0,0
355,5,wda_40009005_002,江原道 / 春川都護府 / 楊口縣,方山,강원도 / 춘천도호부 / 양구현,방산,,0,0,0,0,0,0,0,0,0,0,0,0,0,0,0,0,0,0,0,0,0,0,0,0
356,5,wda_40009005_003,江原道 / 春川都護府 / 麟蹄縣,本縣,강원도 / 춘천도호부 / 인제현,본현,"軍丁, 侍衛軍六十九, 船軍四。",0,69,0,0,0,0,0,0,0,0,0,0,0,0,0,0,0,0,0,0,0,0,0,4
357,5,wda_40009005_003,江原道 / 春川都護府 / 麟蹄縣,瑞和,강원도 / 춘천도호부 / 인제현,서화,,0,0,0,0,0,0,0,0,0,0,0,0,0,0,0,0,0,0,0,0,0,0,0,0
358,5,wda_40009006_001,江原道 / 杆城郡 / 高城郡,本郡,강원도 / 간성군 / 고성군,본군,"軍丁, 侍衛軍三十七, 船軍七十。",0,37,0,0,0,0,0,0,0,0,0,0,0,0,0,0,0,0,0,0,0,0,0,70
359,5,wda_40009006_001,江原道 / 杆城郡 / 高城郡,安昌,강원도 / 간성군 / 고성군,안창,,0,0,0,0,0,0,0,0,0,0,0,0,0,0,0,0,0,0,0,0,0,0,0,0
360,5,wda_40009006_002,江原道 / 杆城郡 / 通川郡,本郡,강원도 / 간성군 / 통천군,본군,"軍丁, 侍衛軍五十三, 船軍七十。",0,53,0,0,0,0,0,0,0,0,0,0,0,0,0,0,0,0,0,0,0,0,0,70
361,5,wda_40009006_002,江原道 / 杆城郡 / 通川郡,臨道,강원도 / 간성군 / 통천군,임도,,0,0,0,0,0,0,0,0,0,0,0,0,0,0,0,0,0,0,0,0,0,0,0,0
362,5,wda_40009006_003,江原道 / 杆城郡 / 歙谷縣,,강원도 / 간성군 / 흡곡현,,"軍丁, 侍衛軍二十二, 船軍五十六。",0,22,0,0,0,0,0,0,0,0,0,0,0,0,0,0,0,0,0,0,0,0,0,56
363,5,wda_40010001_001,平安道 / 平壤府 / 中和郡,,평안도 / 평양부 / 중화군,,"軍丁, 侍衛軍二百二十六, 翼軍四百七十八, 船軍一百四十, 守城軍三。",0,226,0,0,3,0,0,0,0,0,0,0,0,0,0,0,0,478,0,0,0,0,0,140
364,5,wda_40010001_002,平安道 / 平壤府 / 祥原郡,,평안도 / 평양부 / 상원군,,"軍丁, 侍衛軍一百八十三, 翼軍三百單三, 守城軍三。",0,183,0,0,3,0,0,0,0,0,0,0,0,0,0,0,0,303,0,0,0,0,0,0
365,5,wda_40010001_003,平安道 / 平壤府 / 三登縣,,평안도 / 평양부 / 삼등현,,"軍丁, 侍衛軍七十二, 翼軍一百十九, 船軍二十四, 守城軍一。",0,72,0,0,1,0,0,0,0,0,0,0,0,0,0,0,0,119,0,0,0,0,0,24
366,5,wda_40010001_004,平安道 / 平壤府 / 江東縣,,평안도 / 평양부 / 강동현,,"軍丁, 侍衛軍一百十, 翼軍三百四十二, 船軍六十七, 守城軍三。",0,110,0,0,3,0,0,0,0,0,0,0,0,0,0,0,0,342,0,0,0,0,0,67
367,5,wda_40010001_005,平安道 / 平壤府 / 順安縣,,평안도 / 평양부 / 순안현,,"軍丁, 侍衛軍一百, 翼軍四百十三, 船軍九十一, 守城軍二。",0,100,0,0,2,0,0,0,0,0,0,0,0,0,0,0,0,413,0,0,0,0,0,91
368,5,wda_40010001_006,平安道 / 平壤府 / 甑山縣,,평안도 / 평양부 / 증산현,,"軍丁, 侍衛軍三十二, 翼軍一百五十一, 船軍六十, 守城軍一。",0,32,0,0,1,0,0,0,0,0,0,0,0,0,0,0,0,151,0,0,0,0,0,60
369,5,wda_40010001_007,平安道 / 平壤府 / 咸從縣,,평안도 / 평양부 / 함종현,,"軍丁, 侍衛軍一百單三, 翼軍二百七十一, 船軍九十九, 守城軍六。",0,103,0,0,6,0,0,0,0,0,0,0,0,0,0,0,0,271,0,0,0,0,0,99
370,5,wda_40010001_008,平安道 / 平壤府 / 三和縣,,평안도 / 평양부 / 삼화현,,"軍丁, 侍衛軍五十七, 翼軍二百三十七, 船軍七十七, 守城軍五。",0,57,0,0,5,0,0,0,0,0,0,0,0,0,0,0,0,237,0,0,0,0,0,77
371,5,wda_40010001_009,平安道 / 平壤府 / 江西縣,,평안도 / 평양부 / 강서현,,"軍丁, 侍衛軍一百十六, 翼軍三百三十三, 船軍一百二十六, 守城軍九。",0,116,0,0,9,0,0,0,0,0,0,0,0,0,0,0,0,333,0,0,0,0,0,126
372,5,wda_40010001_010,平安道 / 平壤府 / 龍岡縣,,평안도 / 평양부 / 용강현,,"軍丁, 侍衛軍二百十一, 翼軍四百十四, 船軍一百七十八, 守城軍三十一。",0,211,0,0,31,0,0,0,0,0,0,0,0,0,0,0,0,414,0,0,0,0,0,178
373,5,wda_40010002_001,平安道 / 安州牧 / 成川都護府,,평안도 / 안주목 / 성천도호부,,"軍丁, 侍衛軍一百八十七, 翼軍三百九十二, 船軍一百五十五, 守城軍二十一。",0,187,0,0,21,0,0,0,0,0,0,0,0,0,0,0,0,392,0,0,0,0,0,155
374,5,wda_40010002_002,平安道 / 安州牧 / 肅川都護府,,평안도 / 안주목 / 숙천도호부,,"軍丁, 侍衛軍一百二十二, 翼軍二百七十五, 船軍一百三十九, 守城軍三十二。",0,122,0,0,32,0,0,0,0,0,0,0,0,0,0,0,0,275,0,0,0,0,0,139
375,5,wda_40010002_003,平安道 / 安州牧 / 慈山郡,,평안도 / 안주목 / 자산군,,"軍丁, 侍衛軍七十二, 翼軍一百六十三, 船軍七十一, 守城軍十一。",0,72,0,0,11,0,0,0,0,0,0,0,0,0,0,0,0,163,0,0,0,0,0,71
376,5,wda_40010002_004,平安道 / 安州牧 / 順川郡,,평안도 / 안주목 / 순천군,,"軍丁, 侍衛軍一百十六, 翼軍三百七, 船軍一百單五, 守城軍十七。",0,116,0,0,17,0,0,0,0,0,0,0,0,0,0,0,0,307,0,0,0,0,0,105
377,5,wda_40010002_005,平安道 / 安州牧 / 价川郡,,평안도 / 안주목 / 가천군,,"軍丁, 翼軍五百三十五, 船軍一百四十八, 守城軍三十。",0,0,0,0,30,0,0,0,0,0,0,0,0,0,0,0,0,535,0,0,0,0,0,148
378,5,wda_40010002_006,平安道 / 安州牧 / 德川郡,,평안도 / 안주목 / 덕천군,,"軍丁, 翼軍四百三十七, 船軍九十七, 守城軍二十一。",0,0,0,0,21,0,0,0,0,0,0,0,0,0,0,0,0,437,0,0,0,0,0,97
379,5,wda_40010002_007,平安道 / 安州牧 / 永柔縣,,평안도 / 안주목 / 영유현,,"軍丁, 侍衛軍一百五十六, 翼軍三百六十二, 守城軍十九, 船軍一百七十一。",0,156,0,0,19,0,0,0,0,0,0,0,0,0,0,0,0,362,0,0,0,0,0,171
380,5,wda_40010002_008,平安道 / 安州牧 / 孟山縣,,평안도 / 안주목 / 맹산현,,"軍丁, 侍衛軍五十六, 翼軍一百單六, 船軍四十五。",0,56,0,0,0,0,0,0,0,0,0,0,0,0,0,0,0,106,0,0,0,0,0,45
381,5,wda_40010002_009,平安道 / 安州牧 / 殷山縣,,평안도 / 안주목 / 은산현,,"軍丁, 侍衛軍七十六, 翼軍一百四十五, 守城軍十二, 船軍七十七。",0,76,0,0,12,0,0,0,0,0,0,0,0,0,0,0,0,145,0,0,0,0,0,77
382,5,wda_40010002_010,平安道 / 安州牧 / 陽德縣,,평안도 / 안주목 / 양덕현,,"軍丁, 侍衛軍六十四, 翼軍一百九十一, 守城軍十八, 船軍三十七。",0,64,0,0,18,0,0,0,0,0,0,0,0,0,0,0,0,191,0,0,0,0,0,37
383,5,wda_40010003_001,平安道 / 義州牧 / 定州牧,,평안도 / 의주목 / 정주목,,"軍丁, 翼軍四百單二, 守城軍二十, 船軍一百三十一。",0,0,0,0,20,0,0,0,0,0,0,0,0,0,0,0,0,402,0,0,0,0,0,131
384,5,wda_40010003_002,平安道 / 義州牧 / 麟山郡,,평안도 / 의주목 / 인산군,,"軍丁, 翼軍四十三, 守城軍三, 船軍八。",0,0,0,0,3,0,0,0,0,0,0,0,0,0,0,0,0,43,0,0,0,0,0,8
385,5,wda_40010003_003,平安道 / 義州牧 / 龍川郡,,평안도 / 의주목 / 용천군,,"軍丁, 翼軍八十五, 守城軍二十七, 船軍四十五。",0,0,0,0,27,0,0,0,0,0,0,0,0,0,0,0,0,85,0,0,0,0,0,45
386,5,wda_40010003_004,平安道 / 義州牧 / 鐵山郡,,평안도 / 의주목 / 철산군,,"軍丁, 翼軍九十六, 守城軍三十, 船軍五十。",0,0,0,0,30,0,0,0,0,0,0,0,0,0,0,0,0,96,0,0,0,0,0,50
387,5,wda_40010003_005,平安道 / 義州牧 / 郭山郡,,평안도 / 의주목 / 곽산군,,"軍丁, 翼軍一百三十七, 守城軍二十一, 船軍四十七。",0,0,0,0,21,0,0,0,0,0,0,0,0,0,0,0,0,137,0,0,0,0,0,47
388,5,wda_40010003_006,平安道 / 義州牧 / 隨川郡,,평안도 / 의주목 / 수천군,,"軍丁, 翼軍二百單五, 守城軍十六, 船軍五十一。",0,0,0,0,16,0,0,0,0,0,0,0,0,0,0,0,0,205,0,0,0,0,0,51
389,5,wda_40010003_007,平安道 / 義州牧 / 宣川郡,,평안도 / 의주목 / 선천군,,"軍丁, 翼軍二百十四, 守城軍二十, 船軍七十五。",0,0,0,0,20,0,0,0,0,0,0,0,0,0,0,0,0,214,0,0,0,0,0,75
390,5,wda_40010003_008,平安道 / 義州牧 / 嘉山郡,,평안도 / 의주목 / 가산군,,"軍丁, 翼軍一百八十七, 船軍八十。",0,0,0,0,0,0,0,0,0,0,0,0,0,0,0,0,0,187,0,0,0,0,0,80
391,5,wda_40010003_009,平安道 / 義州牧 / 定寧縣,,평안도 / 의주목 / 정녕현,,"軍丁, 翼軍一百三十六, 守城軍九, 船軍三十一。",0,0,0,0,9,0,0,0,0,0,0,0,0,0,0,0,0,136,0,0,0,0,0,31
392,5,wda_40010004_001,平安道 / 朔州都護府 / 寧邊大都護府,,평안도 / 삭주도호부 / 영변대도호부,,"軍丁, 侍衛軍五十, 翼軍五百三十二, 守城軍二十四, 船軍二百單八。",0,50,0,0,24,0,0,0,0,0,0,0,0,0,0,0,0,532,0,0,0,0,0,208
393,5,wda_40010004_002,平安道 / 朔州都護府 / 昌城郡,,평안도 / 삭주도호부 / 창성군,,"軍丁, 翼軍一百六十, 守城軍十八。",0,0,0,0,18,0,0,0,0,0,0,0,0,0,0,0,0,160,0,0,0,0,0,0
394,5,wda_40010004_003,平安道 / 朔州都護府 / 碧潼郡,,평안도 / 삭주도호부 / 벽동군,,"軍丁, 翼軍三百五十, 守城軍十。",0,0,0,0,10,0,0,0,0,0,0,0,0,0,0,0,0,350,0,0,0,0,0,0
395,5,wda_40010004_004,平安道 / 朔州都護府 / 雲山郡,,평안도 / 삭주도호부 / 운산군,,"軍丁, 翼軍一百四十六, 守城軍四, 船軍五十五。",0,0,0,0,4,0,0,0,0,0,0,0,0,0,0,0,0,146,0,0,0,0,0,55
396,5,wda_40010004_005,平安道 / 朔州都護府 / 博川郡,,평안도 / 삭주도호부 / 박천군,,"軍丁, 侍衛軍十五, 翼軍一百四十八, 守城軍十, 船軍八十。",0,15,0,0,10,0,0,0,0,0,0,0,0,0,0,0,0,148,0,0,0,0,0,80
397,5,wda_40010004_006,平安道 / 朔州都護府 / 泰川郡,,평안도 / 삭주도호부 / 태천군,,"軍丁, 翼軍一百四十一, 守城軍四, 船軍六十九。",0,0,0,0,4,0,0,0,0,0,0,0,0,0,0,0,0,141,0,0,0,0,0,69
398,5,wda_40010005_001,平安道 / 江界都護府 / 理山郡,,평안도 / 강계도호부 / 이산군,,"軍丁, 翼軍四百九十二, 守城軍二十。",0,0,0,0,20,0,0,0,0,0,0,0,0,0,0,0,0,492,0,0,0,0,0,0
399,5,wda_40010005_002,平安道 / 江界都護府 / 熙川郡,,평안도 / 강계도호부 / 희천군,,"軍丁, 翼軍二百三十二。",0,0,0,0,0,0,0,0,0,0,0,0,0,0,0,0,0,232,0,0,0,0,0,0
400,5,wda_40010005_003,平安道 / 江界都護府 / 閭延郡,,평안도 / 강계도호부 / 여연군,,"軍丁, 翼軍一百五十一, 守城軍二十一。",0,0,0,0,21,0,0,0,0,0,0,0,0,0,0,0,0,151,0,0,0,0,0,0
401,5,wda_40010005_004,平安道 / 江界都護府 / 慈城郡,,평안도 / 강계도호부 / 자성군,,"軍丁, 翼軍二百八十三, 守城軍八十八。",0,0,0,0,88,0,0,0,0,0,0,0,0,0,0,0,0,283,0,0,0,0,0,0
402,5,wda_40010005_005,平安道 / 江界都護府 / 茂昌郡,,평안도 / 강계도호부 / 무창군,,"軍丁, 翼軍一百二十七。",0,0,0,0,0,0,0,0,0,0,0,0,0,0,0,0,0,127,0,0,0,0,0,0
403,5,wda_40010005_006,平安道 / 江界都護府 / 虞芮郡,,평안도 / 강계도호부 / 우예군,,"軍丁, 翼軍七十七。",0,0,0,0,0,0,0,0,0,0,0,0,0,0,0,0,0,77,0,0,0,0,0,0
404,5,wda_40010005_007,平安道 / 江界都護府 / 渭原郡,,평안도 / 강계도호부 / 위원군,,"軍丁, 翼軍五百七十五, 守城軍四",0,0,0,0,4,0,0,0,0,0,0,0,0,0,0,0,0,575,0,0,0,0,0,0
405,5,wda_40011001_001,咸吉道 / 咸興府 / 定平都護府,,함길도 / 함흥부 / 정평도호부,,"軍丁, 翼屬軍二百九十八, 船軍一百二十, 守城軍二十八。",0,0,0,0,28,0,0,0,0,0,0,298,0,0,0,0,0,0,0,0,0,0,0,120
406,5,wda_40011001_002,咸吉道 / 咸興府 / 北靑都護府,,함길도 / 함흥부 / 북청도호부,,"軍丁, 翼屬軍五百九, 船軍六十七, 守城軍三十三。",0,0,0,0,33,0,0,0,0,0,0,509,0,0,0,0,0,0,0,0,0,0,0,67
407,5,wda_40011002_001,咸吉道 / 永興大都護府 / 高原郡,,함길도 / 영흥대도호부 / 고원군,,"軍丁, 翼屬軍一百七十六, 船軍八十一, 守城軍十。",0,0,0,0,10,0,0,0,0,0,0,176,0,0,0,0,0,0,0,0,0,0,0,81
408,5,wda_40011002_002,咸吉道 / 永興大都護府 / 文川郡,,함길도 / 영흥대도호부 / 문천군,,"軍丁, 翼屬軍七十四, 船軍六十二, 守城軍九。",0,0,0,0,9,0,0,0,0,0,0,74,0,0,0,0,0,0,0,0,0,0,0,62
409,5,wda_40011002_003,咸吉道 / 永興大都護府 / 預原郡,,함길도 / 영흥대도호부 / 예원군,,"軍丁, 翼屬軍七十一, 船軍八十, 守城軍九。",0,0,0,0,9,0,0,0,0,0,0,71,0,0,0,0,0,0,0,0,0,0,0,80
410,5,wda_40011003_001,咸吉道 / 安邊都護府 / 宜川郡,,함길도 / 안변도호부 / 의천군,,"軍丁, 翼屬軍七十, 船軍八十, 守城軍五。",0,0,0,0,5,0,0,0,0,0,0,70,0,0,0,0,0,0,0,0,0,0,0,80
411,5,wda_40011003_002,咸吉道 / 安邊都護府 / 龍津縣,,함길도 / 안변도호부 / 용진현,,"軍丁, 翼屬軍三十一, 船軍五十八, 守城軍二十一。",0,0,0,0,21,0,0,0,0,0,0,31,0,0,0,0,0,0,0,0,0,0,0,58
412,5,wda_40011004_001,咸吉道 / 吉州牧 / 慶源都護府,,함길도 / 길주목 / 경원도호부,,"軍丁, 翼屬軍三百一, 守城軍五十八。",0,0,0,0,58,0,0,0,0,0,0,301,0,0,0,0,0,0,0,0,0,0,0,0
413,5,wda_40011004_002,咸吉道 / 吉州牧 / 端川郡,,함길도 / 길주목 / 단천군,,"軍丁,翼屬軍三百二十, 守城軍二十四。",0,0,0,0,24,0,0,0,0,0,0,320,0,0,0,0,0,0,0,0,0,0,0,0
414,5,wda_40011004_003,咸吉道 / 吉州牧 / 甲山郡,,함길도 / 길주목 / 갑산군,,"軍丁, 翼屬軍二百五十七, 守城軍九。",0,0,0,0,9,0,0,0,0,0,0,257,0,0,0,0,0,0,0,0,0,0,0,0
415,5,wda_40011004_004,咸吉道 / 吉州牧 / 鏡城郡,,함길도 / 길주목 / 경성군,,"軍丁, 翼屬軍二百九十九, 守城軍七十一。",0,0,0,0,71,0,0,0,0,0,0,299,0,0,0,0,0,0,0,0,0,0,0,0
,,,,,,,,0,0,0,0,0,0,0,0,0,0,0,0,0,0,0,0,0,0,0,0,0,0,0,0
